text,label
Why was my virtual card rejected?,72
Can I change my pin at a cash machine?,21
Can I electronically transfer funds into my account from my American Express?,54
How and where can I find the identity checks?,69
Is there a fee to exchange foreign money?,31
What can I use my card to pay for?,10
How long do I have to wait for the transfer to be finalized?,48
Explain why my top up would be reverted.,61
Do you guys accept Visa or Mastercard?,73
Which ATM's can I use to make a withdrawal?,3
How do you Top Up on the apple watch?,2
How do I set up my card PIN?,38
Where do you need to live to receive card,43
My card payment was cancelled.,53
You sent me a card and now I want to link it.,13
I need help resetting my passcode to access my app.,44
Can I reset my password?  I don't know what it is.,44
There is a direct debit charge on my account that I don't recognize.,28
"I might be paranoid, but someone may be using my card.",22
I attempted to get cash in the ATM but it was not authorized,26
What happened to my top-up? I think it was cancelled.,61
I would like to get a Visa card,73
"If I need to do a quick transfer from China, how long should I expect the transfer to take?",67
Tell me if there is a limit to top-up.,60
Can I get an update on my replacement card?,11
How do I get my card to work?,14
I no longer have my phone.,42
What steps do I need to do to delete my account?,55
My card has gone missing.,41
What do I do if the ATM swallowed my card?,18
"How long does it take to transfer from china? Is there a way to transfer it quickly, I need it urgently?",67
Are there a certain amount of transactions i can do with one disposable card?,29
"If I exchange currencies frequently, is there a discount?",31
I did not get the item I ordered.  How should I go about this?  Should I just cancel my order or my payment?  Please help me.,52
A transaction is repeated several times on my account.,63
Why won't my card work.,14
"Hi, I have been transferring money to my friends since morning, but all my transactions were getting failed. Can you please look into this issue.",35
lost my card in atm,18
I want to close my account due to poor customer service.,55
Where are my funds being sourced from?,70
Can I link my card I previously received?,13
How long does a transfer take?,48
You did not give me the correct exchange rate for an item that I bought.,17
How does one send me money?,50
"I forgot my phone at the hotel, so I can't access the app.",42
How do I create a disposable virtual card?,37
How do I get extra cards?,39
A withdrawal is showing that I don't recognize,20
I used my pin too many times.,49
I want to have an item refunded can I do that?,52
Where is my top-up generated from?,70
Can you help my fix my contactless?,23
Do you deal with EUR?,36
Do I have to pay for a second card?,39
Where do I go to get my new card linked?,13
My top up didn't work.,59
I recently bought an item using my card and I was charged an extra fee why is this?,15
What fiat currencies can I use for holding and exchanging?,36
I would like to add money to my account through my American Express.,54
There is unusual activity on my account and I believe someone took my card.,22
What steps do I need to get another card?,39
I need to stop a transaction that I made.,8
"I need your help to check my account, please! My card keeps being declined at the ATM, and I've already tried two different ones!",26
Where do I order a virtual card?,40
"I need help to resolve mix up on my card payment. My account shows the money was taken out and then put back in the account. Then I received a message from the seller, It said that they did not get my payment.",53
I don't know where to look to find my PIN.,38
I believe that a card payment I made was cancelled.,53
Why am I being charged a fee for transferring money?,64
It's been a week since you issued me a card and I still didn't get it. Should I keep waiting?,11
Why can't I withdraw cash?,26
I topped up my account but the money isn't there now.,62
If there isn't much money left can it automatically top-up?,4
The conversion rate on the ATM that I used with foreign currency was wrong.,76
Can I get an account for my daughter?,1
Where can I locate my PIN at?,38
Is there a maximum i can top up?,60
Why do you need so much id info from me?,74
Why do we need to verify top-ups?,71
When will my transfer post to my account?,67
what I need to verify my account,74
Why haven't I been given a virtual card yet?,40
My transfer did not seem to work.,35
What's the process for ID verification?,69
I tried to use my disposable virtual card to pay a subscription to the gym and it got rejected. Any ideas why?,72
Can I change my PIN at my local bank?,21
Do you charge for making a withdrawal? I took some money out of my account earlier and I was charged for this.,19
I'd like to have another card,39
I need to know where do my funds come from,70
My friends would like to add to my account. What is the procedure?,62
What do I need to do to get my salary through this?,50
The app is having trouble verifying my identity.,68
Can I top up?,60
Where can I modify my details?,30
Why would a cash withdrawal be pending?,46
How do I go about getting hold of a virtual card?,40
Please help me.  My disposable virtual card won't work right.,72
Will you send me a new card in China?,9
So what about the card PIN?,38
Why did I get less cash than what I asked in the ATM?,75
"How do I reset my PIN, I can't seem to use my card?",49
Is there a location near me that i can change my PIN?,21
Is there a top-up limit that I have to stay under during a given period of time?,60
"I attempted to top-up with my card this morning, but the transaction was unsuccessful. I received the card two days ago and was successful using it previously. Could you please help me?",59
Are there any ATM's near me that accept this card?,3
I received my salary in GBP. How do I change this to my currency?,50
"I tried to get money out of an ATM in Notting Hill earlier, but it didn't work. Is my card actually working? It's the first time I tried using it",26
Help me.  My phone has been lost or stolen!,42
"What is the reason when I tried to pay contactless at the bus, it didnt work?",23
"Please help, the atm swallowed my card, what do I do?",18
Are there virtual disposable cards?,37
I was charged and shouldn't have been charged when using my card!,15
Which ATMs accept this placard ?,3
I looked at my statement and found a payment I and found a mistake.,16
Asked for $100 but only got $20. Why would this happen?,75
I am looking to delete my account. I'm not happy with the service provided by you.,55
When do I receive my PIN,38
What do I do if the ATM took my card?,18
How do I exchange currency?,33
What are the additional charges for a SWIFT transfer?,56
Why do I have to pay extra for using my card?,15
How old do I have to be to open an account?,1
"I have a card that expires in the coming month, do I have to specifically ask for the updated card?",9
My identity has been stolen. I still have my physical card but there are charges I didn't make on my account. How do I cancel this card or dispute the charges?,20
"i am express delivering my card to the us, how long will that take",12
Why has my top-up not worked?,59
How do I go about cancelling a transaction?,8
Will I be able to track the card that was sent to me?,11
Where can I find my PIN? I haven't gotten it yet.,38
There is some odd 1£ charge that appears as pending on my statement. What's that about? Pretty sure I haven't purchased anything for a pound there.,34
The top-up is broken.,47
Can I add money to my account with cash?,58
There's a direct debit on my account that I didn't authorize,28
I was double charged at a restaurant can you take the second charge off?,63
May I have a second card?,39
"I need to verify a payment to my new landlord. I transferred the first rent payment a few days ago. While it shows on my side, the landlord is saying he hasn't received it yet. Can you verify that it has processed?",66
app does not recognize me,68
The exchange rate applied is wrong for my international purchase.,17
In what way can I use the disposable cards?,37
"The exchange rate given to me wasn't correct, after i purchased an item",17
I have a card payment which shows as pending,45
What do I need to do to transfer my paycheck to my account?,50
Why can't I use a disposable card?,29
"When I tried to top up using my card, all of the money disappeared.",62
"I need to activate my card, how is that done?",0
What is the process for unlocking the pin?,49
"I do not remember the code, what should I do?",44
What's the normal time frame for a transfer from a UK account? After just making a transfer it doesn't appear at all. I need to know if things went okay.,5
I lost my wallet and I think someone is withdrawing cash with my card. Please help. It is urgent.,20
I was just needing to know why my card got declined,25
How do I make my transfer go through,27
I believe that my transfer hasn't gone through.,35
Why is the exchange rate wrong for my cash withdrawal?,76
how many days processing new card?,23
How can I activate the new card i got?,0
How do I exchange currencies with this,33
I noticed a charge for a transfer.  Why is this?  Is it because I did an international transfer?,64
What is the transfer fee charge?,64
I want information about the source of funds.,70
What should I do if I lost my card?,41
"I would like to track a card sent to me, how do I do that?",11
Is there a limit to top-up amounts?,60
Do you know why my contactless won't work?,23
I don't know why my credit card was declined while I was trying to top-up. Was it something on my end or was there something wrong with the top-up function?,59
I have two of the same charges on my account!,63
What fees to you have for top ups?,57
I was charged more than once in a single transaction,63
Is my card valid everywhere?,10
Why would the ATM machine fail to give me the cash withdrawal I requested?,26
Should my top-up be completed by now?,47
What are your currency exchange fees?,31
I transferred some money but I think it has gotten lost somewhere.,5
"Cash withdrawal has been pending, why is it so?",46
Why should I have to prove my identity?,74
Do I need to order a new card if mine is expiring?,9
How can I create many temporary cards daily?,29
Can you tell me why my transfer declined?,27
How old do you have to be to get an account?,1
I believe my credit card was stolen.,41
The ATM didn't give me the amount I asked for,75
What will I be charged for a physical card?,43
"On my app I can see that a direct debit payment that I didn't do, appears.",28
My salary is received in the form of GBP. Do I need to do anything specific to configure this?,50
How can I tell if an AMT will take this card?,3
Where are the virtual cards located?,40
I forgot my PIN and now it is blocked.,49
why was i charged a small amount,34
Are bank transfers immediate?,5
What happens when my card expires?,9
I need to get hold of a physical card?,43
I would like a second card.,39
Why do I have a strange payment on my statement?,16
How can I get my card to work?,14
I wanted to use my contactless at the metro today but it didn't accept it!,23
My card payment wasn't accepted.,25
How do I get money from friends?,50
can you express my card to me?,12
"It appears my card expires next month, can I order a new one?",9
Do you offer services for children to have money saving experience?,1
"Hi, I used an ATM today to take money out of my account, but the amount it gave me is not the amount I requested. What should I do?",75
What transfer methods do you accept?,65
Where is my refund? it appears to be missing.,51
Why can't my ID be verified?,68
"I've got a weird problem: I purchased something a week or maybe it was two weeks ago, and the funds have come back into my account! Can you explain this?",53
Can I have a card even if I am not living in the UK?,24
What is the maximum I can top up?,60
Where do I go to reset the passcode?,44
I am trying  to  transfer and  it has been  stopped why is  that,7
How did you come up with your exchange rates?,32
Can I exchange USD and GBP from the app?,33
When will my cheque process?,6
The app failed to verify me.,68
Which cash machines will allow me to change my PIN?,21
"When I received my cash, the exchange rate was wrong.",76
"I've already topped up, but I cannot see the funds being available. What happened?",47
What is the process for activating my new card?,0
"Hi! A seller that I requested a refund from a long time ago has yet to send the money into my account, even though I keep checking it. Can the seller be contacted by you guys to see what's going on?",51
Is there any way to Auto top-up?,4
Please explain to me how to know where my funds are from.,70
how do VR cards work,37
I can't use my virtual disposable card,72
Are there any limits to were my card is accepted?,10
What are the ways for others to transfer me money?,50
"I had a problem with my card payment, can you help?",25
The application reverted my top-up.,61
My top-up appears to be pending.,47
Where is the transfer to my account that I made?,5
Where do I order a virtual card from?,40
I don't understand why I was charged extra for withdrawing money?,19
Where can I get my card at?,43
I won't verify my identity.,74
Why won't you accept my payment? I keep trying with this card and it's not working.,25
how old do i need to be to get an account for myself,1
The card got declined twice when I tried to use it to buy something online yesterday.,27
Why can't I take cash out of the ATM?,26
What time will a transfer from the US take?,67
Why do I see extra charges for withdrawing my money?,19
Could you please help me figure out why the seller has not received their money after I sent it.,48
I left my card at a restaurant and now its missing.,41
Can I change my PIN remotely?,21
"I thought transfers were free, why was I charged?",64
I think someone is using my card without my permission!,22
"So, I tried topping up my card for the today. Unfortunately, it failed. A couple of days back I used it and it works fine. Can you double check and tell me what's going on?",59
Is it possible to get a card when i'm not in the UK?,24
I only have one other credit card from the US. Do you accept that?,54
I need urgent help. I realize I sent my payment to the wrong account number. I made a typo. Please cancel the transfer now. There isn't an option from the app.,8
My card hasn't arrived in the mail yet. I ordered it two weeks ago. What can I do?,11
Why can't I withdraw funds from my account?,26
Why do I have to give you my drivers license,74
Why can't I get my virtual card to work?,72
What can I do to make my physical card work?,14
I am still waiting for my card after 1 week.  Is this ok?,11
"What currencies can I not hold many in, if so what are they?",36
I want to set up an auto top-up,4
What do I do if I can't get my card out of the ATM?,18
This stupid system is not letting me prove my identity.,68
Am I allowed to transfer money to a beneficiary?,7
How many active transactions can I make with a disposable card?,29
I notice there's a pending payment on my card.,45
What do you need my identity details for?,74
Why would my card payment get reverted?,53
I would like to delete my account. I'm not happy with the service you're providing,55
My card is missing.  Please help.,41
There is a  €1 fee on my account I didn't authorize,34
Is there a reason my transfer failed?,35
"My wallet was stolen, along with my cards. How do I put a freeze on my cards and order a new one?",41
Why was my atm withdrawl declined,26
I was mugged and everything taken.  What do I do to protect my account?,42
How do I update my address?,30
What is the purpose for verifying my identity?,74
"My wallet was just stolen, and they've already used my card! Please help, I can't afford to lose more money!",20
Please assist me with activation.,0
I'm confused. My contactless is suddenly not working anywhere that I try to use it. How do I fix it?,23
Please help me figure out the reason for the odd withdrawal amount from my account?,20
virtual card is not working for me,72
How many active cards can I have?,39
I could not get my card to work at a shop.,25
Why couldn't I transfer to a beneficiairy?,7
Can I be charged for exchanging foreign currency?,31
How do I to up by card?,62
I tried to transfer funds to a beneficiary and was denied. Can you tell me why?,7
Can I get some help activating my new card?,0
Can I use American express with apple pay? Why does it make my top up not work?,2
why have I got a pending transfer? I'm confused!!,48
"I need to use my disposable card multiple times a day, is there a cutoff limit?",29
"I have an unknown debit charge in my statement, why?",28
Can I change my PIN without going to a bank?,21
how can i transfer money from american express card,54
What is the time frame for a transfer from the US?,67
Why is my card payment showing as pending?,45
The app is showing mt withdrawals that aren't  mine.,20
Please send my card as quickly as possible.,12
There is a Direct Debit that I don't recognize.,28
Help me create several temp cards every day.,29
where to i get my funds from?,70
How do I get my card back quickly from a bank machine that it?,18
"I just saw the exchange rate you use, but it's so bad that I can't believe that it's the official interbank exchange rate! Is this truly the official interbank exchange rate?",17
"I got my card now, how do I make it show up in the app?",13
How can I top up my Google Pay?,2
Can you look into my top up please.  I made it over three hours ago and yet it's still pending.,47
Do I have to use a bank approved ATM to withdraw money?,3
I believe my top up is still pending,47
My transfer will not go through.,35
Why did the ATM give me less money than what I requested?,75
I did a transfer and was charged a fee that I shouldn't have been!,64
What is this witdrawal,20
I could not do a transfer because it was declined,27
My card information seems to have been stolen! I don't know where these transactions came from and I've never even been to the city where they were made. I need my card blocked ASAP so this person can't keep using my card.,22
Will I be charged a fee for topping up using a European card?,57
Is there a place to check for fee for payments? I feel like I'm getting charged too much at times.,15
Am I getting charged for making a payment?,15
"I'm not in the UK, can I still get a card?",24
"If I want to top up, can I use Apple Pay?",2
Why was the wrong rate applied when I bought something in a different currency?,17
I am being charged the wrong amount on my card.,17
What do I do if my card is expiring soon?,9
I believe my top up was reverted.,61
There is a €1 extra fee in my statement,34
What is the procedure for activating this card?,0
I need you to cancel a transfer that I made.  It is the wrong account number and the app won't let me stop the transaction.  Please stop it!,8
My statement has not shown my refund.,51
How is my card payment still pending?,45
Does it cost anyting to get my own card?,43
Where can the pin be located?,38
I can't use the app.  My phone is lost at the hotel.,42
Can I use my card while on vacation overseas?,10
Where do i verify a top-up card?,71
I would like to not have to do the identity verification.,74
Help me find my card pin!,38
"My card is expiring, how do I get a new one?",9
Is there a top-up limit?,60
What are these disposable cards meant for?,37
What age do you have to be?,1
"When I topped up, the app reverted my funds.",61
"Will you accept my credit card, it my only one.",54
Why is the check I deposited this morning not showing up?,6
Hello. I checked my transactions and saw I was double charged for a restaurant visit. Can I get my money back?,63
How many disposable virtual cards can I have?,29
Is there a fee to add money to an international card?,57
Are there any fees for top ups?,57
Do I pay extra for exchange?,31
My product was faulty.,52
"Could I reactivate my card please, I couldn't find it but it turns out it was in my jacket pocket.",13
It is extremely important that I cancel the transfer I made yesterday and put the money into a different account.  Is this possible?,8
Am I the only one who can top-up my account?,62
Why did I get charged more for using my card?,15
What if my top up is reverted?,61
Where did this extra €1 fee on my statement come from?,34
Where is my last money transaction,66
Can you tell me how I go about activating a new card?,0
Which merchants accept this card?,10
Get an item refund,52
Something is wrong with my payment account since it has been declined,25
I am still waiting for a money transfer to appear.,48
What would be a reason my transfer got declined?,27
Which forms of currency are accepted?,54
I still haven't received my card in the mail,11
I think the rate that was applied to my purchase using foreign currency is wrong. Help!,17
Will I be charged for topping up by transfer?,56
Why isn't my id verified?,68
The money disappeared when I tried to use my card to top up.,62
I have to quickly transfer something to China. How long will it take to arrive there?,67
Someone else may be using my card.  There are transactions I don't recognize.,22
About this card PIN?,38
can i get a virtual card online,37
"I received my Virtual card information, but was unable to use it to make a purchase. Why did this happen and what can I do?",72
What can I do if contactless doesn't work?,23
My preference is Mastercard.,73
I got charged a fee that shouldn't be there from my cash,19
I think that there was an error in calculating the exchange rate.  I recently withdrew cash and received much less than expected.,76
are there age requirements,1
"I was suppose to be getting a refund for something I purchased a while ago, but It still hasnt been applied to my account. When will I get my money back?",51
I just lost my wallet and I think someone is using my card to withdraw my money. Can you please cancel or freeze my card?!!,20
Which foreign currencies do you accept for adding money?,54
After taking over my card transactions I noticed that was charged twice for a restaurant purchased from earlier this week. Can you please remove one of these transactions from my account since it is not accurate?,63
What do i do to get a physical card?,43
I need a second card on this account for my daughter.,39
Why am I being charged for transferring money?,64
Why am i being double charged for something?,63
Is there a reason behind why my transfer did not work?,35
Can I have it delivered on a specific date?,12
My card is about to expire. What do I need to do?,9
Can I change my PIN in Austria?,21
"I got a message saying I made a withdrawal from the bank machine, but I did not.",20
How do I report a stolen card?,41
Can I add money in intervals to my account?  I will be traveling.,4
What's the deal with verifying the top-up?,71
What is the wait time for delivery to the US?,12
I believe that the rate of exchange for my cash withdrawl is incorrect.,76
I have a payment that has not gone through yet,45
What is this extra fee while I was doing a transfer?,64
I have young kids. Can they use this service?,1
"I was supposed to receive my new card by now, but it hasn't came in.",11
What was the extra charge for withdrawing money?,19
How do I protect my phone from someone using it after I lost it.,42
I'd like to have it delivered on Saturday.  Is that possible?,12
Can you please tell me why my cash withdrawal is still pending?,46
"Hello, I see that I have been charged an extra $1 on my app.  Could you please provide me with a reason for this charge?",34
"I want to transfer money into my account, what do I do?",65
What ID do I need to verify my identity?,69
Why do I need to verify my account?,74
Someone took my card without permission,41
"lost my phone, dont want others to use it.",42
Why won't the machine accept my card anymore?,14
Why can't I see my topup in my wallet anymore?,62
Help! I lost my card!,41
How can I deposit money to my account?,65
I think that my card has been stolen!,41
Is there a disposable virtual card?,37
I'm unable to verify my identity,68
Why was I charged when taking out money?,19
My wallet is empty even though I topped it up an hour ago.,62
I was removing a dollar amount from my account and now don't have access to my card.,18
Can I add to my account using a cheque?,58
My topping up didn't go through.,59
I would like to create a disposable virtual card. How do I go about doing that?,37
what are you going to use my identification details for?,74
Where can virtual cards be ordered?,40
Is there such thing as an auto top-up option?,4
Why is my card payment pending?,45
I am not being recognized by the app.,68
Unusual direct deposit,28
I think the exchange rate is wrong for my ATM withdrawal,76
How come there is a duplicate charge on my card?,63
the transfer went through but now it has been pending for quite a while. i need this to go through already,48
How can I tell if there is a top-up limit?,60
What are the steps to get my card back that was kept by the ATM?,18
"I cannot find my phone, what should I do?",42
This card is accepted by what businesses?,10
Are there fees for adding money using an international card,57
Are currency exchanges free?,31
What are the reasons for a declined transfer?,27
"My order hasn't shown up yet, what can I do?",52
Can you issue both a Visa and a Mastercard to me?,73
Why am I being charged for transfers? Are they not free?,64
Why was I unable to complete my transfer?,35
I am in the EU. Can I get one of your cards?,24
I would like to dispute a payment I didnt make,28
I got double charged for a payment so how do I fix that?,63
Is my child too young to sign up?,1
what is the most money i can top up?,60
"I want to block my card or deactivate it or something, it's been stolen and I don't want it misused. I want this handled right away.",41
"When I tried to access my cash, I wasn't allowed!",26
I need a new Pin how do I go about that?,21
"A 500 pound cash withdrawal was just made from my account, but I didn't make it. I am pretty sure my card has been compromised - can you help me?",20
How many top-ups can be approved?,60
Why did I get charged extra?,15
Why would a merchant revert a card payment?,53
The exchange rate for my withdrawal was wrong.,76
Are there ways to transfer money into my account?,65
Do i have to top-up with my credit card before I can transfer?,62
is it free to add money to my card,57
did not receive correct cash upon withdrawal,75
I'm a new customer and tried topping up today for the first time. It's still pending and doesn't seem to be working. I need to get this fixed.,47
How long is it going to take for my funds to show in my account?,67
My transfer didn't work,35
I made a cash withdrawal and was charged a fee incorrectly can you help with this?,19
I'm unable to use contactless payments for purchases.,23
"Suddenly, my card won't work.",14
Why is the cash transaction still showing as not completed?,46
Hey there's a fee for a transfer on my account.  Why?!,64
Can I choose between Visa and Mastercard?,73
Is it possible to change my address?,30
"When topping up by transfer, will I be charged?",56
"I am getting an error stating my transfer is not possible while transferring money. Let me know the issue as its the first time i am getting error, earlier it used to work.",7
I purchased something in a foreign currency but the rate applied is wrong,17
"Soon my card will expire, how do I get a new one?",9
I need to know what your exchange rates are.,32
Please check the exchange rate for my payment last Saturday. I believe I have been overcharged.,17
"I'm concerned about a payment that has recently been made on my card.  I do not recognize the name that the transaction went to, can you help me?",16
Visa and Mastercard can both be received from you?,73
How can I cancel a transfer I made,8
I'm looking to get an additional card.,39
My phone is missing.,42
How many disposable cards can I make in a single day?,29
"I am having issues using contactless payments, could my card be damaged?",23
Is there a fee to top up by bank transfers?,56
Can I use this app to exchange currencies?,33
Why isn't my PIN available yet?,38
How do I go forth on holding money in multiple currencies?,36
"I have moved to a new house and set up a rent payment to my landlord, it was supposed to be in her account a few days ago but it hasn't arrived.  I definitely sent it to the right place, can you confirm where the money is?",66
Can I possibly change my currency to another?,33
I can't see all the refunds in my statement,51
Have you started charging for cash withdrawals? I always thought it was free until I noticed this fee. How much is the fee?,19
My card payment wasn't declined,25
Why does my identity need to be verified?,74
what is the correct exchange rate for getting cash,76
"Hearing about your verification results from us may take anywhere from 10 minutes to approximately one hour.  If this verification has in fact, failed, double-check to make sure that your images are clear.  Also make sure that your document photos have no blur or glare. They need to be readable.  You must also be 18 years of age or older and be a resident of Switzerland or the European Economic Area to open an account.",68
How long will it take to get to me?,12
I have been charged way to much so something is apparently wrong with my exchange. I changed Russian Ruble into UK pounds.,17
I would love one of the virtual cards!,40
when will I get my refund?,51
Why wouldn't the ATM give me my money?,26
Is there a fee for topping off by transfer?,56
I wasn't applied the correct exchange rate for an item I bought,17
How to activate Google Pay for top up?,2
Why didn't the money I transferred into my account get added to my balance?,5
I need information explaining why my top-up failed to go through,59
There's an error in regards to the exchange rate for an item I bought.,17
I don't have my card in 1 week.  Should I be worried?,11
I have an American Express that I'd like to add money to my account with.,54
What is the closest ATM?,3
I think you reverted my top up.,61
How many transactions can I make on my disposable card?,29
I've just moved and I need to change my details,30
Where is the refund on my statement?,51
Why am I unable to withdraw money even though in the past I've done it just fine?,26
Do I get to choose between Visa and Mastercard?,73
What do I do if I can't prove my identity?,68
I am not recognizing a debit payment from my account.,28
Why isn't my transfer not going through? I keep getting an error message.,7
Are both Visa and Mastercard accepted?,73
How do I change my account details?,30
Can it automatically top up my account?,4
What should I do if someone stole my phone?,42
"Hi, i just topped up my phone and the money was deducted but it seems to have deducted the same amount again! please help!",61
I can't get my card to work.,14
Is there an age limit to get an account?,1
Would I be able to refund an item?,52
I can't remember my passcode.,44
I can see an extra 1£ charge on my app. Why did you charge me extra?,34
Can you tell me more about limits to disposable virtual cards?,29
"I've been waiting since Friday, where is my money?",66
How can people transfer money to me?,50
has my top-up has been cancelled,61
I didn't receive the correct amount of cash when I exchanged it overseas.,76
I lost my passcode.,44
How limited is a virtual card?,29
Where do I go to add a new card?,13
Should I be seeing a fee applied for my money transfer?,64
Is it possible to get one the your cards in the EU?,24
The app reversed a top off I had.  What should I do?,61
"I got my American Express in Apple Pay, why is top up not working in my country?",2
My purchases from this morning are showing up as payment pending. Can you tell me why?,45
No refund showing in my statement.,51
Where Is the top up verification code found?,71
There is a charge for 1£ on my statement.  I do not think that I bought anything that costed 1£.  What is going on?,34
How long does it take to show a deposit I made to my balance?,6
My cash withdrawal shows as pending still.,46
I need to know why my credit card was declined for top up? What is the deal here and why did it not go through?,59
Can you tell me why a refund I'm owed is not showing on my statement?,51
"If I need to transfer something quick from China, how long does that take?",67
Where is my money? I transfered it and it isn't in my account.,5
"Help me!  When I was abroad, the exchange rate was wrong.",76
I noticed that my card was charged more than once for one thing.,63
"It says that my payment is pending, what does that mean?",45
What's the transfer time from Europe?,67
Do you have the best exchange rate?,32
What is the limit on Auto top?,4
"I want a refund, but I haven't received the item yet. Can I cancel it and get my funds back? How do I do that.",52
There is a payment that I was charged two times for.,63
Can I do a SWIFT transfer?,56
"When I got cash, my exchange rate was wrong.",76
Why wasn't my contactless accepted at the metro?,23
The exchange rate would be?,32
There's a debit on my account that I didn't do.,28
What is the length of time for money to reach the account?,67
"I tempted to get some money out of the machine earlier and it did not work.Looking now, the transaction actually shows to still be in progress. I would certainly appreciate someone look into this and let me know what's going on. I definitely do not want to be charged for money I never received.",46
I can't find the top-up card verification code.,71
My card stopped working after multiple transactions. Why?,14
How long will it be  before the person I sent money to is able to see it?,66
"Would I be able to get another card for my account, so I could give one to my daughter?",39
Would like to use my card and need to activate it first.  Can you help me do this?,0
How much do you charge for exchange rates?,31
Is there a charge for using transfers for top ups?,56
How do I add a card on to the app?,13
Who accepts the card?,10
I am reluctant to use ATMs international because I don't get an accurate exchange rate,76
I would like to know why my purchases from this morning are still pending.,45
How old do I need to be?,1
Help! I've forgot my app passcode!,44
I have to make more then a few disposable cards per day.,29
Why did my credit card get declined for top up?,59
Can you delete the account?,55
If I exchange currencies on a frequent basis can I receive a discount?,31
There is a payment in my app that I did not make.  I have not used that card all day  Please reimburse my money.,28
When will it get delivered?,12
There was a charge applied when I used my card.,15
How much would I be charged for a transfer?,56
can I be charged for topping up by card,57
How much does currency exchange cost?,31
How long do I have to wait for a US transfer?,67
"I tried to access money earlier but the machine seems not to be working. After looking, the transaction actually shows to still being process. Can you find out what is going on here? I don't want to be charged for some money I never got.",46
I need to know where this charge is coming from?,16
I made the incorrect payment for my rent yesterday and this needs to be fixed by no later than tomorrow. How can you help?,8
How's the exchange rate looking right now?,32
How does it work when I transfer money into my account?,65
My statement is showing I was Charged a dollar and I am not sure why.,34
Will I be charged if I add more cards to the account?,39
Can I use your app to exchange USD for GBP?,33
Can you provide information for freezing my card immediately?,41
Am I able to top up with this cheque I received?,58
Do you support countries other than mine?,24
"Hey, I have my card, how do I get it to show in the app?",13
What do I need to do for a PIN?,38
Why has my top up been cancelled,61
Can I purchase with cash or cheque?,58
Why can't my beneficiary access my account?,7
"I tried topping off my account with a card, but the money is not in my account despite the charge going through",62
Where are the options to top up with a cheque on my account?,58
Why is it necessary to verify the top up?,71
Is my card ready for use or does it need activated and if so how?,0
Do you know where my card will be accepted?,10
Can you please help me in canceling my order.,52
I want a virtual card!,40
What  is the verification process for a top up card?,71
How do I receive a virtual card?,40
I am experiencing difficulty providing my identity.,68
"I received a refund, however I cannot see it in my account",51
Please verify my top-up card,71
"Show me how to link the new card,",13
How do I get my refund back?,52
How long is the transfer?,67
I need a new card because the ATM took mine.,18
I entered a typo when I was transferring money and now I've sent it to an incorrect account.  This is so bad!  I need it cancelled now.,8
This isn't fair! I thought transfers could be made for free. I just made  a purchase online from abroad and now see some strange fee that I've never seen before.,64
Why is my exchange rate wrong for an item I bought?,17
How can my friend pay me?,50
Am I charged for receiving money?,56
It seems like my card payment didn't work.,25
Show me the amount of transactions I can do with a disposable card.,29
Is topping up with Apple Pay possible?,2
Is there a tracking number for the card you sent me?,11
Where do i find my PIN?,38
where can i see money source?,70
How can I exchange to EUR?,36
What options do I have for holding currencies?,36
I was getting cash and can't get my card back.,18
Changing my PIN,21
What ATMs can I use my card at?,3
"I didn't want to make a transaction, I want to revert it",8
My statement has a payment that I do not recall making,16
Do exchanges cost more?,31
there is a debit i dont recognize,28
How long does it take for the transfer to go through?,66
What documents do you need to verify my identity?,69
How do I unblock my pin after entering it wrong too many times?,49
please delete account,55
"Hello, can you please inform me about international transfers? I am expecting a transfer I made from France two days ago and would like to know when it will arrive.",5
my phone has been stolen by someone,42
I withdrew cash and I think the exchange rate is wrong.,76
I am so angry right now!  I went to the ATM and did not get the correct amount of money I chose to withdraw.  How could this happen?  I need my money and want to know how I can get it ASAP!,75
How is this transfer supposed to work? It's not working for me.,35
Why has my top-up been returned to my account?,61
My transfer got declined.,27
When will my funds transfer?,66
Is there a reason my top up hasn't gone through,47
My transaction is on the wrong account.,8
Where can I go to update my personal profile?,30
Make me understand why I am charged an extra fee when I use the ATM.,19
My card appears to be broken how can I fix it?,14
How do i set up auto top-up?,4
Is there a reason why there is an extra £1 charge on my account?,34
Is there a list of ATMs that take this card?,3
Will there be any fees for top ups?,57
What fiat currencies are supported for holding and exchange?,36
Do the disposable cards have restrictions?,29
I just got my card and cannot get it to work.,0
Do I get an actual card?,43
Where can I find an ATM to use this card?,3
I am travelling for two more weeks but really need to change my PIN asap. What do I do?,21
Can I get one of your cards in the EU,24
Do you take checks?,58
How much does top up fees cost?,57
Does it cost extra to exchange foreign currencies?,31
What is the maximum top up?,60
The $1.00 has still not been reverted as indicated in the previous email.,34
How do I make my top up complete?,47
Can both a Visa and Mastercard be received from you?,73
Is the exchange rate current?,32
I think I was charged a different exchange rate than what was posted at the time.,76
How many cards am I allowed?,39
How do I retrieve a trapped card from a ATM?,18
What do I do if my card expires soon?,9
Where can I activate my card?,0
I'm not okay with this fee on my statement.,34
My card isn't letting me purchase something and I wanted to know why.,7
Why has my payment not transferred?,35
"I was charged a fee when withdrawing cash, can you explain why?",19
"My account is blocked, how do I log in now",49
"I  have been charged more than I should for the presents I bought  when abroad, the problem seems to be the exchange rate.",17
How can I find out where the funds are flow?,70
What is the extra fee on my statement?,34
I tried to withdraw cash at an ATM in the city center but my card was declined. The transaction is still showing up as pending - please cancel it!,46
I would like some help getting a refund back from a seller. It still isn't showing up on my statement and I requested this a long time ago. I'm not sure why it's not returned yet. Can you assist me in getting this money back?,51
My card is missing.,41
How do I exchange my GBP to AUD?,33
How do you determine your exchange rates?,32
I still have not received an answer as to why I was charged $1.00 in a transaction?,34
"There seems to be an additional charge of £1 on my statement, what is the reason for this?",34
My bags were stolen. I need a new card but need to cancel the stolen one.,41
"I've just moved address from a place in Durham to a place in Walton-On-The-Naze.  I have a new landlord at my new house and they haven't got my payment but I know I sent it on time, can you check they got it please?",66
Can I dispute a debit payment that I am seeing that I didn't make from a couple of months ago?,28
"My transfer failed, why?",35
There is a cash withdrawl I don't remember.,20
Can you make exchanges with the EUR?,36
Does this app allow currencies to be exchanged?,33
I need to change a transfer.,8
My cheque is slow to cash,6
A seller is stating that they haven't received money yet when the money has already deducted from my account.,53
My credit card payment has been in pending status for a super long time.  I don't get it.  Why is it like this?  When will it go through?,45
"I went to the store and tried to make a purchase.  The first time, it was declined, but the second one went through.  But my App shows me that I've already been charged once and the second charge is still pending.  Can you make sure that I'm not charged twice?",63
I've made a bank transfer but the money doesn't seem to be in my account.,5
"I tried to withdraw cash, but got declined!",26
Why was I not able to get cash from the ATM?,26
I did not charge my account for that transaction.  That's an error.,16
I used my card to top-up but the money is gone!,62
Can I have more physical cards?,39
Why didn't my transfer complete?,35
Why isn't my google top-up pay working?,2
Help me with my contactless which isn't working.,23
My account transfer was blocked.,7
How do I transfer funds directly from my credit card?,62
"I initiated a payment a while ago and it is still showing as ""pending"", how long will it take to clear?",45
Are there charges for receiving a SEPA transfer?,56
Is it possible to reactivate the card I thought I lost but found this morning in my jacket?,13
What are the current exchange rates?,32
What locations are cards delivered to?,43
"Can my daughter also have a card issued in her name, but linked to my account?",39
Is a bank transfer acceptable for topping up my account?,65
Why has my money been returned back to my card.,53
"I have a transfer from the US, How long is the wait?",67
Are there discounts for frequent currency exchanges?,31
I am waiting for the money to enter my account. How long does it take?,67
I was wondering whether exchanging currencies can be done on this app.,33
Can someone assist me with explaining how I can unblock my pin?,49
Why was a transaction on my card declined?,25
"help, lost my card",41
"I was wondering why my payment hasn't gone through yet, its been a while.",45
Seems like my top-up has failed,59
can i use my mastercard to add money to my account,54
What's a verification code?,71
Problem verifying my account,68
I am not sure where my phone is.,42
The contactless payments are not working.,23
I have a duplicate payment on my account,63
What is not accepted in order for me to top up my account?,58
Are cheques accepted to my account? Mine didn't seem to work.,6
Can I activate my card?,0
Will this card work all over the world?,10
Why do you need verification for my identity?,74
Are there businesses that don't accept this card?,10
How long will it take to transfer from europe?,67
How long does it take for a transfer to finish pending?,48
Can I order a card?,43
I tried activating my bill of fare and it didn't workplace,0
What is the source of my money?,70
Why did it decline my payment?,25
Can I get a card in the US?,24
I got my new card but I am not sure if it need s activated and how?,0
where can I change my address?,30
"Hello,  I noticed the money for an item I purchased online and have already received has been returned to my checking account. Was there an issue with the merchant accepting my payment? Or, possibly, with the bank sending it?",53
How can I cancel a transfer?,8
Where do I go to change my account details?,30
Can you tell my why my funds transfer did not work properly?,35
Can you please reactivate my card?,13
Can I use my bank account to send me more money?,65
"My money has disappeared. I had recently added money in, and saw it was there and went through. Now it's gone. What is happening?",61
What is the limit to top up?,60
Why hasn't my friend received the money i sent them yet?,66
My morning transaction needs to be canceled.,8
Are all European currencies available for holding and exchange?,36
What should I do if I think that someone else may be using my card.,22
What age can sign up for services?,1
Can you tell me where to find top up by cash deposit?,58
"Hi,I tried to get some money out but the machine was not working .The transaction still seems in progress! Can you please check what's going on.I don't want to be charged for money that I did not received.",46
I can't log into my account because I lost my password,44
"Transfer was declined, could not complete request.",27
I noticed an extra fee when I paid with my card.,15
Can I exchange USD for GBP in your app?,33
My account is showing a double charge.,63
"How long does it take to activate the card, as it does not look like its working?",0
my card was frozen due to putting in the wrong pin too much.  how many tries do i have,26
Explain pending transactions.,46
I received a message from a seller stating they hadn't received my money even though it definitely came out of my account. The money has now been deposited back into my account. Please get this resolved as soon as possible.,53
"My cash withdrawal says pending, why?",46
I need several cards per day. And I need to be able to throw away all of the cards I make.,29
Will I be charged for topping up?,57
Transfer could not be completed due to being declined.,27
Where is the card PIN located?,38
I live in the EU - can I get a card?,24
Looking at my account I've noticed a charge that appears to still be in progress. I had attempted to get money out of the machine earlier but the machine seemed to have been broken. I never received my money so will you please look into this for me? I don't want to be charged for money I never actually received.,46
I need to change my phone number.,30
Will the system automatically top up itself?,4
The ATM stole my card!,18
use my credit to add money,54
How can I find out about an extra fee on my statement?,34
Can I use check to deposit?,58
When I made a cash transfer abroad the wrong exchange rate was applied,76
I haven't received the cash from the check I deposited.,6
What businesses can I use this card with?,10
Would you give me a mastercard and visa?,73
My refund has not shown up in my account.   Where is it?,51
Where do my fund come from?,70
How many times can I make a top-up?,60
I need to top up using a cheque,58
I'm still waiting for a money transfer to show.,48
Can I exchange between GBP and USD on the app?,33
Do you accept cheques for top ups?,58
I tried to charge my card but it was declined. A couple days ago I was able to charge it and it was accepted. Is something wrong? Will you double check for me please?,59
Is Apple Pay a possible top up option?,2
I checked my account and see that funds were deducted from a seller I didn't approve of. Can you help me understand?,28
hello I have lost my phone and I'm worried someone's going to steal money from me,42
How do I transfer money using a credit card?,62
Is my card accepted anywhere?,10
Which locations can I withdraw money from?,3
It's been some time ago that I placed an order and it just isn't coming. At this point just give me back my money because I'm not paying them.,52
I want my card frozen right away. Money was taken out in an odd location I have never heard of.,20
I'm trying to use a cheque to top up,58
Is there a reason for my top up to be cancelled?,61
I was charged for using my card?,15
why top up is not working even if I got my American Express in Apple Bay?,2
I tried using my credit card with top up but it didn't work! I thought it was supposed to?,59
How many top-ups can I use?,60
Is there a problem with your system being down or something? I have already tried 5 times to issue a standard transfer but I'm getting nowhere.,35
My disposable virtual card got rejected,72
What happens if my card expires?,9
How do I top up my card?,65
"My salary is received in the form of GBP. Is it necessary to configure this? If so, where is this done?",50
Does the app top up automatically?,4
Is it free to transfer money or is there a fee?,64
How to receive the actual card,43
I keep checking my statements but nothing shows up.I requested a refund a long time ago but seems like it's not submitting my account for some reason. Can you please help me get the money back from the seller for me,51
How do i get my salary in the account?,50
"Last Saturday, I made a payment and the exchange rate was wrong.  I was charged too much.",17
I need to change my personal details in my account.,30
The cash deposit I made this morning has not been credited to my account,6
I want to know where the funds come from.,70
can you top up your account automatically,4
How long will it take my card to get here?,12
I just purchased a disposable virtual card. Am I able to use it for online purchases immediately?,37
Why is there a fee for getting cash?,19
My Identity verification hasn't passed yet is it possible to use my account?,74
is apple pay a top up service?,2
What can I do with a disposable virtual card?,37
How would you use a disposable card?,37
"I want to know which currencies and cards are supported, can you provide a list?",54
How long does it take for a top up to go through,47
Why did I get charged one pound seemingly randomly?,34
Will it be possible to change from USD to GBP with this App?,33
My contanctless has stopped working,23
How do I edit my details?,30
I need to withdraw money. Where can I do that?,3
Can the card be mailed to Europe?,24
I have a direct debit on my records that is strange and I need help.,28
Where is my transfer from [country]?,5
Can I use my account before my Identity verification has passed?,74
Is there anyway to bypass identity verification?,74
Please provide me with the restrictions of the disposable cards.,29
How is top-up verified?,71
I completed a payment with my card a while ago. It's still showing up as pending. What time frame does this normally take? It doesn't appear to have worked.,45
How do I add money to my card?,62
What should I do if I exceed my PIN tries?,49
Can I have money of different country of origin.,36
My card isn't working at all. What happened?,14
I see an unfamiliar payment on my statement.,16
What does a pending cash withdrawal mean?,46
"For some reason, the virtual card won't work for me.",72
Why was my top-up rejected?,59
"I don't know if this is an issue with the ATM or my account, but I just tried withdrawing 30 pounds from the ATM I'm at now and it only gave me 10. Is this a glitch or what exactly is going on?",75
I cant find my card.,41
"Hurry and refund me, I am waiting",51
What is the extra  €1 fee in my statement,34
My card wont work at an ATM,26
My new card has not been delivered to my home yet. What is going on?,11
how do I find the code to verify the top up card?,71
The cast deposit from a week ago still is not in my account. Why?,6
Do you have a list of exchange rates?,32
Please let me know what currency I can use to top up my account?,54
My balance is not right. It has not been updated for the cash or cheque deposit.,6
How do I verify my identity online,69
What factors effect the exchange rate?,32
Please help me get a Visa card.,73
What exchange rates do you offer?,32
My account balance has not gone up even though I just transferred money into it,5
I placed a cheque but the funds aren't there,6
"The transfer finally worked, but how long does it stay pending?",48
How old do you need to be to open an account?,1
"I'm trying to make a payment to my new landlord. Even though the payment was sent a few days ago, it isn't clearing on their side. Can you verify that payment has been made?",66
Is there a reason that the ATM declined my transaction?,26
"Hi, Last week I have contacted the seller for a refund as directed by you, but i have not received the money yet. Please look into this issue with seller and help me in getting the refund.",51
Do you do SWIFT transfers?,56
I would like to receive my salary in a different currency. How does that work?,50
"I'm waiting for the ID verification to go through still, so is it too soon to use my account?",74
What information do you need to verify my Source of Funds?,70
Tell me why I need top-up to be verified?,71
What do I do to link my new card?,13
How long does it actually take for a card payment to go through? There's one stuck since a couple of days already that doesn't seem to move,45
How can I exchange AUD for GBP?,33
What documents do I need to get together to verify my identity?,69
Can someone help me unblock my pin?,49
I need to change my address in the personal details.,30
Why have I been charged twice for the same transaction?,63
My disposable virtual card was rejected.,72
Am I able to get a refund for a purchase?,52
I want to delete my account.,55
"I tried topping up using my card, but the money is gone?",62
"Hi, I was trying to use my card but it was declining by ATM. I have cross checked with two different ATMs but i was facing the same issue. Could you please check my account.",26
How long will this card payment stay pending?,45
I tried to do a transfer but it didn't go through.,35
How do I order a new card if my current one is about to expire?,9
Please provide currency exchange rates,31
How do I make my card show up in the app?,13
why was my payment reverted on the app,53
Where would I find top up by cash deposit?,58
Does it cost anything to transfer money for a top-up?,56
My card has been swallowed by an ATM,18
The transfer to my beneficiary has not gone through,7
Is there a limit on how much I can withdraw from my account without being charged?,19
Where can I find the verification code on a top-up card?,71
how do i cancel my account,55
Can I add money to my card automatically during a trip?,4
Why do you need so much information about my identity?,74
If I don't have much money in the account can I auto top-up?,4
Can you tell me how do I get a card?,43
Will I be charged for topping up by card?,57
How do I find the code needed in order to verify my top-up card?,71
Can I use this all over the world?,24
I have lost my credit card in the ATM!,18
"To deliver to the US, how long will it take?",12
"Everything seems fine with my account, so why did it decline my payment?",25
Are there any charges for receiving money?,56
I can't find my code,44
What are the available cards?,73
"I am attempting to make a purchase online, but my card is not working.  I know there are funds available, is this an issue on the banks end?",53
Is there a way I can get my ATM card back from the machine?,18
How long is a delivery to the US?,12
"I just saw some charges on my card from the past days that I dont recognize, I need to freeze the card asap! Will I be able to get my money back?",16
There's a cash withdrawal I didn't make,20
Is it possible to also get a disposable virtual card?,37
How can I perform a dual money transferring from one account to another?,65
My card did not work at store.,25
How to I close my account?,55
"The expiration date for my card is coming up, how do I get a new card?",9
I think youre system may be broken because I have tried transfer money 5x and it isnt working!  I'm not doing anything complicated it is what I usually do.,35
Do you support direct deposits from my employer?,50
I just realized I made the wrong transaction  yesterday. Would  you please make it correct?I need it by tomorrow.,8
where can i located the auto top up function?,4
Are there directions to get a new passcode if I forgot mine?,44
My card has been lost! help!,41
I need to update my address.,30
Whats the delivery time to the United States?,12
let me know how many disposable cards I can have?,29
Where can I find the verification code for a top-up?,71
why hasn't my virtual card arrived?,40
How do I do a successful transfer to an account?,7
"The transaction for the cash I pulled out of the ATM earlier is pending in the app, but how if I already have the cash?",46
What fees do you charge for the standard card?,43
I have cash deposit to my account but it is experiencing a problem,6
I still do not see the cash deposit in my account from last week. Why?,6
WHAT IS THE REASON FOR THAT,14
"How long do EU transfers actually take? I bought something online a couple days ago, sent the money immediately online but the seller says it's still not there yet.",48
Where's my virtual card,40
How long until the card arrives?,12
Is it possible to make several disposable cards in a day?,29
Help me cancel a transaction.,8
Can I use my virtual card for recurring monthly payments?,72
Why isn't the transfer on my account showing up?,5
Are there any places that I can't use the disposable cards at?,29
How old does my kids need to be to open an account?,1
I can't get the ATM to give me any cash,26
I think I deserve a refunded on a certain item.,52
Do I need to do anything special for my friend to send money to my account?,50
It will be fine to use at any establishment that accepts Mastercard.,10
A Bank ATM did not give my card back. What do I do now?,18
"This past holiday I made a withdraw at the ATM machine, and it seems I've been charged too much.",76
"I'm not in the UK, but can I still get a card?",24
How can I access my account when I have lost my phone?,42
What is my identification used for?,74
My transfer did not go through.,35
How do I get my card on the app?,13
I made a transfer into my account and now I need to cancel it,8
Why am I being charged for withdrawing cash but haven't in the past?,19
I can't recall my passcode and need to reset it.,44
I just noticed my transfer was declined and I don't know why. Can you help me?,27
"I still have not received my new card, I ordered over a week ago.",11
I requested money from the ATM and it didn't give me as much as I requested.,75
Why is top-up verified?,71
"I have enough money in my account, so why is my card being declined?",25
"I received my new card, but I don't see it in the app anywhere.  What do I do?",13
For what reason must I authenticate the top up?,71
I was charged more than once for a card payment I made.,63
An ATM machine didn't return my card.,18
Why didn't I get the amount I requested at the ATM?,75
"I don't know what my passcode is, can you help?",44
How do I find out my source of funds?,70
How long does it take to make an urgent transfer from China?,67
I just transferred some money. Why was I charged a fee?,64
where is card accepted,10
Help please!  My rent payment is coming out tomorrow and I made a payment mistake yesterday! Can you put in in the correct account?,8
Can I link your physical card,13
What's the best way to use a cheque to top up?,58
How do the disposable cards work?,37
I just got my new card.  How can I activate it?,0
Why can't I use my virtual card for subscription services?,72
This transaction needs both a Visa and a Mastercard.,73
What is the appropriate age for my child to be able to open an account?,1
Why is my check still not showing up on my account? It's been a week already,6
I was charged more when I transferred!,64
Why is my disposable card not working?,72
I don't know my password,44
"It's been more than a week since I had a return charged to my card, why hasn't it showed up?",51
How can I request cash back? The ATM just gave me the wrong amount that I've been charged though...,75
What currencies do you do exchanges for?,36
How can I receive verification for the source of my funds?,70
Where do I get a disposable virtual card?,37
What do I do if my virtual card won't work.,72
What are you exchange rates?,32
The card is non-functional.,14
"I need to use a European card for a top up, what will the charge be?",57
Can my 8 year old grandson open an account at the bank?,1
I don't like your company. Delete my account.,55
I need the source of my funds verified. How do I do this?,70
My card was declined at a restaurant today and I am not sure why.,14
I need help fixing my contactless. It's not working anywhere I go today.,23
There are some strange charges on my card that I didn't make from a few days ago.  Is my card stolen and if so should I cancel it?  Will I get refunded the charges?,16
"I've got a problem - I bought something with my card one or two weeks ago, but now exact same amount of the purchase is showing up in my account. I like more money in my account, but this is too good to be true. Can you tell me what's happening?",53
where in the app can i find out about my new pin,38
I tried to transfer money to a receiver and they didn't get the right amount. What is going on and who do I contact to help me?,64
How many virtual cards do I get?,29
How do I check my security settings to allow contactless pay?,23
"Please cancel my most recent transfer, it was a mistake. This is an emergency. It needs to be canceled before it goes through.",8
Why are my transfers and purchases keep getting declined?,27
"I wanted to transfer money to another account, but now I don't have to so I'd like to cancel said transfer. How can I do that?",8
Where is the cash from my cheque I recently deposited?,6
"I deposited a cheque, but the balance hasn't changed yet.",6
How is an exchange rate calculated?,32
Why can't I get cash out?,26
Help me close my account.,55
Am I free to top-up as much as I want?,60
I have a top up that didn't go through.  Why?,59
I have money in a foreign account that I want to send to this account.,65
Can my card be used everywhere?,10
"I've been waiting for 3 days, why is my withdrawal still pending?",46
"There has been an unusual withdrawal from my account, can you help?",20
What businesses accept this card?,10
I think my card is being used by someone else to make purchases that I didn't authorize! I checked my account and see that there have been quite a few purchases over the last two days that I have no idea where they came from. We need to freeze my card now! And I need to find a way to get my money back.,16
Is there anywhere my card will not be accepted?,10
What's the procedure for canceling a purchase?,52
Is my card denied anywhere?,10
how to get card pin?,38
I tried to withdraw money but I was declined!,26
What is the charge for a physical card?,43
How can I report that my card was stolen? I made a police report first.,41
Does this app exchange currencies?,33
My payment did not go through because the app reverted it,53
I saw a fee on my app from one of my payments and I wasn't sure where it came from. Is there a way you can tell me when there's an additional fee for my payments?,15
"I got a transfer fail message, but no explanation of why-- what happened?",35
Where is the transfer that I did?,5
How does my identity get verified?,69
My payment shows that it is pending will I be charged more money?,48
Could I open an account for children?,1
Why was I declined at the ATM today when I was trying to make a withdraw?,26
Is it free to exchange currency?,31
help me with my transfer,35
How can I transfer money between accounts?,65
Now that I live in the US how can I get a card?,24
I made a cash deposit a few days ago and it's still not reflected in my account. Do you know what might have happened?,6
I have a duplicate payment showing,63
Do transfers from Europe take longer?,67
"My card payment reverted back, I think.",53
"What's going on with the top-up? All it says is pending, pending, pending! I use your service several times a week and have never had a problem before! What's going on here?",47
Are there any ATM machines near me?,3
do I need to verify my identity every time I log into my account?,74
How long will it take to activate my new card?,0
When can I order a disposable virtual card?,37
Can you give me a virtual card?,40
The exchange rate on my purchase is wrong.,17
Are there steps to see where my funds come from?,70
Why did my top-up fail?,59
What are the charges for topping up US card?,57
Will you tell me how I am supposed to use the disposable cards?,37
If I have a physical card can I link it?,13
What are your exchange rates calculated from?,32
My actual card isn't functioning.,14
I'm having trouble with proving my identity.,68
How long will a transfer take from Europe?,67
I have a charge for something I didn't buy.,16
How do the foreign exchange rates work?,32
I didn't get my card back from the ATM.,18
"I just topped up, and the app denied it.",59
Help! I think someone has made a cash withdrawal with my card!,20
I'd like to cancel a transfer,8
I have a cryptocurrency exchange that won't go through. Please help me process it.,7
How long does it take for me to get my pin,38
I'm not sure why my top up request was denied,59
What do I do if my PIN was blocked?,49
How do I use auto top up?,4
Someone stole my wallet with my card in it while vacationing in Spain. I really need my card blocked and a new one ordered.,41
still waiting on my new card,11
Where is the money I pushed it's on my mobile app as being withdrawn.,75
Can I change my PIN without being physically present?,21
I am having a problem with verifying my identity.,68
Which ATM's am i able to change my PIN?,21
The exchange rate you gave me for my cash withdrawal is wrong,76
I used an ATM and there was an extra charge.,19
My disposable virtual card is not working,72
"I desperately need to change my PIN, but I'm overseas on vacation right now. How can I do this?",21
My card is about to expire.  How do I order another?,9
I was under the impression I can make transfers for free. I made an online purchase for something that was obroad and there's some additional strange fee. I've never seen this before and this isn't fair.,64
I requested $100 but only got $20,75
What does a 'pending payment' mean?,45
"I was charged twice for a restaurant, can you take the second charge off?",63
Hi. Please can you help me fix a double charge on my card? I'm looking at my transactions and this restaurant I went to earlier in the week has charged me twice! Please remove the additional charge for me.,63
I couldn't transfer to an account.,7
Can you please advise if there is something wrong with my card? I have had multiple rejections and do not know the reason. Thanks!,25
I set up a payment to a new payee and sent some money but the person I'm sending it to has not received it.  Can you check where the money is?,66
"My card's expiring a month from now, should I place an order for the new card?",9
How can I go about getting a disposable virtual card?,37
Would it be possible for me to get a second card?,39
Do you offer any discounts for someone who exchanges currencies frequently?,31
"I made a purchase this morning, and it is showing as pending.",45
How do I withdraw money?,3
How much longer until I get my new card?,11
Why didn't my transfer go through?,35
What's the process for topping up by card?,62
How many cards can I have?,39
"Hey I want to get a refund on something I bought, but not sure how to go about it. Can you please just cancel the payment, I have not received the item yet.",52
I am inquiring about your auto top up feature.,4
The terminal I paid at wouldn't take my card. Is something wrong?,23
I accidentally put in the wrong pin too many times and now I need to unblock it. Can you assist with this?,49
What do I do?  The ATM took my card!,18
Is the card welcomed by everybody?,10
Are there any specific cash machines that I have to go to in order to change my PIN?,21
I believe my top up has failed,59
Am I going to see a charge for a SEPA transfer?,56
Estimated time arrival for transfers?,67
I withdrew some cash out of the ATM over the holiday. It seems that I was charged some outrageous fees. I would not have done that had I been aware of these outrageous charges!,76
"I already made a transfer and want to cancel it, how do I do that?",8
I need to top-up my card today urgently but my card keeps getting declined!! Can you please resolve this problem or let me know if you have any alternatives,59
My rate is not right when I used my card in a different country's money.,76
Where can I update my pin number?,21
Is there a maximum amount of top-ups?,60
"I think that someone may be using my card, but I'm not sure,.",22
Why is my balance still the same after a cheque deposit?,6
What do I do if I lost my phone?,42
If I need GBP instead of AUD what do I do?,33
I have been charged an extra fee when buying from your store. Why is this?,15
Where do I link the new card?,13
How do I make my card appear on the app?,13
"I get a ""decline"" message when doing a transfer",27
I cannot get my disposable virtual card to work,72
Can I transfer money using a different currency?,50
Where do you deliver cards by mail?,43
Need help with my card. It's not working.,14
Is there an age limit to open an account,1
Please help me find my top-up verification code,71
Why am I being charge a fee when using an ATM?,19
I NEED TO KNOW HOW TO TRANSFER MONEY INTO MY BANK ACCOUNT. PLEASE HELP,65
Can I add a card that I just found (again) to the app?,13
I recently got charged twice from a restaurant that I was at this week and I would like for one of those payments to be removed from my account.,63
How do I re-order a damaged card?,14
My card was stolen,41
Where can I use a disposable card?,29
how to i go about getting my virtual card,40
I need a transfer cancelled.,8
I cannot try my PIN anymore.,49
What kind of fiat currencies are supported for holding and exchange?,36
Do you have a tracking number for the card I was sent?,11
Why is the cash withdraw I made shown as pending?,46
What are the limits to where my card will be accepted?,10
"I was trying to make a transfer and got an error message telling me it was not possible to make the transfer. This has never happened before, what happened?",7
The app doesn't show the card I received.,13
Why am I seeing a transfer fee on my bank statement?,64
Why is my top-up still pending?,47
Why has my transfer failed?,35
from where are coming your exchange rates?,32
How long will it take for my top up to work? It's still pending,47
"Looks like my card payment was duplicated after all. I went to pay at the store earlier, got declined once, second time it works. App still stays pending for one of the payments. Can you please remove one of them as it's wrong and clearly was declined?",63
I'm not able to verify my identity.,68
Can I change to another currency?,33
I am not able to see the card PIN anywhere?,38
"I did not receive my purchase, how do I cancel it?",52
The transfer I tried to make failed.,35
"If there isn't much money left over, will it top-up automatically?",4
I think my card has been compromised in some way.,22
Anytime I've made an ATM withdrawal before it has always been free. I now say that I have been charged for my most recent ATM withdrawal. What's going on here?,19
Can you tell me how to order a virtual card?,40
Can you tell me how to close my account?,55
I have been charged twice,63
Someone mugged my and stole everything.  I can't use the app.  What should I do?,42
There is an unauthorized cash withdrawal from my account for 500£.  I definitely didn't make this withdrawal.  I need your help.,20
Which establishments will accept my card?,10
"I thought I lost my card but I found it today, so I would like to reactivate it.",13
I do not understand what this particular direct debit is ?,28
There's an error with the rate that is charged.,17
Why did I only get $20 when I tried to get $100,75
"I found my card, can I add it to the app?",13
There's been a transaction to the wrong account.,8
The top-up card is verified how?,71
How was I charged extra when I used my card to pay?,15
I think someone stole my card number and brought stuff in different places that I have never been to. I need to suspend any further purchase on my credit card.,22
what is the time frame for transfers,67
What needs to be done to activate and use a card?,0
I messed up a transfer and need to reverse it.,8
What fiduciary currencies are supported for tenure and exchange?,36
"Someone has my card number, freeze my account.",22
I haven't received my virtual card.,40
when will my transfer arrive,66
There was a strange transaction made on my account a couple weeks ago by a seller I don't recognize. May you please check on this transaction for me.,28
How can I find out where my contactless works?,23
Will there be any extra fees for European bank card for top up?,57
Why hasn't my transfer gone through,35
How do I activate a card?,0
Which ATMs accept this bill of fare ?,3
"I have to transfer money over to my mother, and I have tried numerous times and all that keeps happening is error messages.",7
Extra charge during transfer,64
I need to know where I can withdraw money.,3
Are there any restrictions for the disposable cards?,29
What do you use to figure out the exchange rate for the card?,32
"I noticed an extra $1 charge on my statement, can you tell me why that is?",34
"I asked for a refund last week but nothing has happened yet, can you help me please?",51
"how many virtual cards can i have, i want 8",40
I need to modify my details.,30
I want to transfer a sum of money from another bank account I have into this one,65
I would like to order a disposable virtual card. How can I do this?,37
What steps do I take to unblock my PIN?,49
How many transactions can I do with a disposable card?,29
When did you send me my new card?,11
"Your service is terrible,.  Delete my account,",55
How do you top up with a cheque?,58
Help me get the virtual card working.,72
Is there an amount limit to my top-up?,60
Can I use my account before the identity verification is complete?,74
How can i reset my passcode ?,44
Why isn't my card working?,14
I live in Germany. Is that one of the countries you are in? What other countries are you in?,24
I do not see the card PIN anywhere?,38
how come i can't find anywhere to load using cash,58
Can you tell me where I can order a virtual card?,40
Can you make exchanges using the EUR?,36
When is a payment I made with my card going to clear>,45
My payment for my card is not working,25
Where can I do a cash withdrawal?,3
How do I track my card?,11
I can't find the virtual card,40
A false direct debit payment is showing in my app,28
My new landlord is a lier and is trying to rip me off by saying I've not paid my rent when I have paid my rent.  What is going on?  They say the money hasn't got to them but I see it going out of my account.  Can you check that the money went to the right place?,66
I had a decline on my card. Why?,25
What currencies can be exchanged in the app?,33
Am I going to be charged for receiving  money?,56
The exchange rate you are using is really bad. This can't possibly be the official interbank exchange rate.,17
How can I link the new card?,13
I can't find out how to top-up my account using cash.,58
Is my top up not working?,47
I need to figure out who has access to my card there are some payments I didn't make that are showing on the app.  Could you please help?,16
It won't let me activate my card.,0
It won't let me verify my identity.,68
Do you have a limit for someone's age?,1
I tried to pull cash from an ATM but it wouldn't let me.,26
Why was my payment cancelled?,53
Do you have a list of countries you operate in?,24
What currencies are accepted for adding money?,54
i need to know about exchange rates,32
Why did the funds not transfer to another recipient?,66
"I followed the instructions to transfer money using my card, but then the money disappeared and I don't know what happened.",62
"Do you hold money and if so, what currencies do you accept?",36
I bought something on line a and the seller hasn't received the money I sent could you please tell me how long an EU transfer takes?,48
My card wants to be topped what do you guys support?,54
"I do not need GBP, I need AUD, how do I convert it?",33
I am trying to exchange crypto and it's not working. Tell me how to fix this.,7
Someone stopped my payment,53
"The activation process did not work, please help?",0
"I am traveling, what can I do to set up auto top-up?",4
Do you have to be 18 to make an account?,1
What are some reasons that would cause ATM machines to decline my card? It has happened to me multiple times!,26
Tell me how to verify a top up.,71
Do I get Visa or Mastercard?,73
I made a transfer but my balance hasn't been updated,5
Will the duplicated payment be refunded?,63
Why is it important to verify a top-up card?,71
I would rather the Mastercard.,73
I want a new card,39
"My friend wants to send me money, can she?",50
From what countries can I use an account?,24
Can I receive a new card while I am in China?,9
I don't remember my login code,44
How do you decide what your exchange rates are?,32
Is it possible to exchange USD and GBP on the app?,33
Help Me!  I lost my card.  What should I do?,41
Will I be able to top up by cheque?,58
I refilled my account balance but got an error message.,61
How long will my cash withdrawal take,46
Please help me get a refund?,52
What is the point of verifying a top up?,71
I am highly unsatisfied with this company and want to delete my account!,55
Why is there an additional fee showing on the statement I received?,34
What is taking so long with my refund?,51
Where is my deposit?,6
Can I get a physical card through this app?,43
How do I turn on my new card?,0
Can I transfer money to my credit card?,62
What is the process for activating a new card.,0
"After I got my cash, I found out my exchange rate was wrong.",76
HOW DO I TRANSFER MONEY FROM MY BANK ACCOUNT?,65
Can you convert to EUR?,36
Why is the exchange rate different from what I expected?,17
How do you decide what the exchange rates are?,32
What is the function of the disposable cards?,37
How come my card doesn't work anymore?,14
I tried to transfer money but it said it wasn't possible? I've done this before and it worked why isn't it working now?,7
How long will it take to transfer something to China urgently?,67
on my statement there is a payment that I don't recognise,16
Can I get a card that works in other countries like Africa and Indonesia?,24
"If I only have 1 other US card, can you take it?",54
Can you please help me with this exchange?  I am trying to get crypto and the app won't let me.,7
Why will my transfer not go through?!  Keep getting an error message.,7
How can I use American Express to add funds to my account?,54
Are there any limits on where I can use my card?,10
I do not want a VISA card.,73
What is the process for getting an actual physical card?,43
Will I get a visa or Mastercard?,73
I don't recognize a charge on my statement.,16
My transfer failed.  Help!,35
My card was refused,25
When will my card be delivered?,12
My cash deposit from a week ago is still not in my account. Can you help me please?,6
Why is there a fee for cash withdrawal?,19
Reason for my card to decline,25
if im not using my account should i close it or just let it sit,55
What countries are getting support?,24
The refund on my account hasn't shown up,51
How can correct Top up with the app to work correctly?,59
How do I set-up my PIN for the new card?,38
I'm not seeing my cash deposit showing up in my account.,6
Can I use app to freeze my card and dispute fraud?,22
Can I have a second card?,39
Will you work with any fiat currencies?,36
My disposable virtual card is not working when I try to use it at a point of sale transaction. What do I do now?,72
I have a new phone number and need to edit my contact information.,30
"I was overcharged at an ATM while on vacation. I needed cash so I had to use it, but your charges are outregous and I wish I would have known beforehand.",76
Top up on my Google Pay isn't working.,2
Do you limit my top-offs?,60
How can I verify my source of funds?,70
What fiat currencies do you allow exchange with?,36
Why aren't my payment funds available to me?,45
I need a refund?,52
How often can I top up?,60
should i add money via bank transfer instead,57
I want a real card,43
How much does it cost to make transfers?,56
If I can't choose my card type will I be able to use it everywhere?,73
What types of top-up methods do you accept?,58
Can I use any currency to add money?,54
I think my top up was reversed.,61
The card PIN is not visible anywhere?,38
How can I fix my card if the contactless function didn't work this morning?,23
beneficiary transfer problems?,7
I am confused about your fee structure and was disappointed to see a fee for my transfer.,64
I want to delete my account. How do I do this?,55
Where do I find the virtual card?,40
I topped up but the app reverted it,61
For what reason was my transfer declined?,27
I need to make several disposable cards per day.,29
Where are the locations of ATMs that accept this card?,3
Why has my transfer been declined?,27
I don't know my password anymore.,44
If i want to change my pin number can I directly from an ATM?,21
I forgot the code to access the app.,44
How much is the charge to top up via credit card?,57
Why am I seeing a fee for transferring money?,64
what is the identity check?,74
How do I go forth on transferring a sum of money from one account to another?,65
I can't use my card.,14
Is there an age limit for opening an account?,1
I would like to exchange currency  What types are there?,33
I need help making this transfer. I keep getting an error. I'm trying to purchase a flat but i need my mortgage payment to go through first. Can you help?,35
I need my payment in another currency,50
Can you explain more about why should I verify my identity?,74
Why do I have a charge for an ATM withdrawal? I thought these were free?,19
I can't figure out how to transfer money into my account.,65
Where are the ATMs that accept this card?,3
What do you require for identity verification?,69
what are exchange rates,32
where is my new card?,11
Can you look to make sure the exchange rate is correct,76
How much for an actual card?,43
"Is there something wrong with your website? I tried topping up my account and it's been close to two hours now and it's still at ""pending"" for some reason. I just joined with you guys and this is the first attempt at this, so maybe I'm wrong, but shouldn't this be instant?",47
There's a cash withdrawal on my account that I didn't make,20
I was wondering about transferring money into my account and how it works.  Can you tell me about that?,65
Contactless isn't working for me,23
How do I contact customer support about a transfer?,27
There's a $200 withdrawal on my statement that seems fishy to me.,20
There is a direct debit payment on my account that I didn't authorize.,28
Cash I didn't get shows in my app.,20
How do I replace a stolen card?,41
My card's expiration date is close.,9
I was charged an additional amount of money for making a purchase with my card,15
I need help- I got mugged yesterday and they took everything so I can't use the app.,42
Where can I go to modify my detail?,30
Can I edit my details?,30
Why doesn't the person I sent money to see that transfer yet?,66
I forgot my code,44
How many transactions can I do with my disposable card?,29
Can I get a refund?,52
Can you tell me what are disposable cards for?,37
What should I do if I think someone is using my card without my permission?,22
Will my friends be able to top up my account?,62
Why would my card payment not work?,25
Help my find the verification code on a top-up.,71
What do I do if I've been charged twice for the same transaction?,63
Help me cancel my transaction,8
I accidentally blocked my PIN. How do I reset it?,49
I don't know where this transaction came from?,16
Do you have an auto-top function and how do I use it if so?,4
Can you help me find top up by cash deposit?,58
Can a card stop working?,14
Is there any place I cannot use my card?,10
Help me order my card.,43
How do I get a PIN?,38
Someone must have found my card details as I don't recognize these transactions.,22
Tell me why my topup wouldn't go through?,59
Do you offer a discount for those who perform frequent currency exchanges?,31
"Why am I being charged for ATM cash withdrawals? The only reason I use it is because it's been free! Now you expect me to pay for them, and how much is that going to cost me?",19
I've been checking my statement to see if I've received a refund I requested from a seller a while ago has arrived. But it has not. This should have come back to me already. Can you help me figure out why it's not here and get my money back?,51
How do I switch to a different currency?,33
What do I do if I find a debit charge that I know I didn't do in my billing statement?,28
What limits are the to top-ups?,60
Why can't I use my American Express with Apple Pay to top up my account?,2
Please delete my account.,55
I want to change my PIN - do I need to be in a bank?,21
I want to shut down my account as soon as possible.,55
What is the charge for receiving a SEPA transfer?,56
I have an outgoing transaction,48
Do you only use Visa or do you have Mastercard too?,73
My cash received does not match what has been requested,75
Is there always a charge when withdrawing money?,19
I need help from someone in your department with finding my nearest ATM.,3
I don't remember my code to get into the app.,44
What is the reason for this fee I got after a simple cash withdrawal?,19
What do I do if my card was stolen.,41
Is it possible to edit my personal details on the app?,30
How long do I need to wait to see an update after I make a bank transfer?,5
How do your exchange rates work?,32
"for god sake, just delete my account i am sick of this",55
"Please delete my account, this company is not working for me!",55
"In the exchange and holding, what fiat is allowed?",36
I topped up but it didn't complete,47
Can you accept my other card from the U.S.?  It is the only other one I have.,54
"Something is wrong with the top up! I'm a regular customer and use your service all the time, usually this works but now it just shows up as pending",47
There is a cash withdrawal from an ATM listed but I don't remember making this withdrawal.,20
My card hasn't shown up yet.,11
Can you tell me where  can change my PIN?,21
I received the wrong amount of cash from the ATM. Can you help?,75
Why did I get blocked?,49
I AM MISSING CASH FROM MY BANK ACCOUNT ACCORDING TO MY APP,20
Why was my transfer charged fees?,64
I need to know how much it costs to transfer funds.,64
"Do ATM cash withdrawals carry a charge now? They've been free in the past, but all of a sudden I have to pay to make ATM withdrawals?",19
Am I able to stop a transfer?,8
I would like to know how I can verify my Identity.,69
totally unacceptable.  I'm stranded with no cash because the ATM wouldn't give me any money!,26
Is there a limit on how much I can top up?,60
Why hasn't a transaction I did to my friend arrived yet?,66
Can I use my card to withdraw from my account?,3
The expiration date on my card is coming up,9
Is exchanging currencies one of your app services?,33
I am not happy with your company. Please delete my account asap.,55
places i can use the card,10
Where can money withdrawals be made?,3
Why isn't my disposable virtual card working?,72
I had to pay a pound more than I anticipated!,34
Where can my card be used?,10
For some reason my card payment didn't work,25
The ATM won't give back my card,18
What should I do if my physical card isn't working?,14
How can I tell if my card payment is reverted?,53
"Why does my transfer say ""pending""?",48
"There is a pending transaction on my account, what does this mean?",45
I need to find the card I received in the app.,13
Something is wrong with my passcode,44
What should I do if I think someone is using my card.,22
How long does the cash withdrawal take to pend?,46
"I found my card in my jacket this morning, so can I reactivate it?",13
Does a discount apply if I exchange currencies frequently?,31
I thought it was free to make a withdrawal. So how much does it cost now?,19
I was unable to transfer money from my account.,35
Which ATM's accept my card?,3
The ATM won't give me my card back. I need it back now!,18
I need to know which flat currencies are supported by you.,36
"After a transfer, I see an extra fee.  Why?",64
Does the fee for exchange change?,17
Can I choose whether I receive a Visa or a Mastercard card?,73
can i get a card if i live in the US?,24
What do I need for the identity verification?,69
Mastercard is my preferred company.,73
can you tell me what cards and currencies you take?,54
I am still waiting for a transaction to be completed,66
How can I receive my salary in another currency?,50
i live in the US can i still get a card?,24
In my account I noticed my ATM withdrawal is still pending,46
Why did I not get the amount of money I requested?,75
I was not distributed all of cash that I requested,75
Why is my payment declined? It looked like everything worked ok and my account was fine.,25
are there any exchange fees,31
Will filling stations accept my card?,10
I put money in my account a week ago but its still not there?? What happened to my money?,6
There is a fraudulent charge on my statement.,16
"In the app, where do I find my card PIN?",38
What currencies are accepted to add money?,54
Are the funds I requested from a merchant a few days ago in my account? I do not see them.,51
What currencies can be used for top up?,54
What's the limit on automatic top-up?,4
"Hi, I am calling about a recent transaction that has happened on my account.  I recently went to the ATM, and tried to make a withdrawal on my account.  I just happened to check my transaction slip and noticed a fee for my withdrawal.  How can I resolve this, I didn't know fees were charged for this type of action.",19
Will I be charged for receiving the money?,56
How can i check if my card is working?,14
I need to urgently transfer something from China. How long will it approximately take?,67
Can I resent my passcode?,44
I am locked out from entering my pin.,49
I do not recognise the card payment.,16
Why was a charged a fee for using the card?,15
Is there a top-up fee if you add money in USD?,57
What do i do if the exchange rate was wrong for the item i bought overseas?,17
Can I verify a top up?,71
How come my disposable virtual card used to pay for a gym subscription got rejected?,72
Why was I charged a fee for debit or credit card payment?,15
I swear that there are 2 payments on the app that I didn't make.  Could my card me stolen?  Please advise what I should do.,16
I think I was charged double for something I bought - how long should I wait before reporting this?,63
Am I able to modify my account details?,30
Is there a limit to how much I can top-up?,60
What credit cards are supported?,54
How many different currencies can I have my money in?,36
I think there was an error in your exchange rate.,17
"I double checked that I have the correct account details already, they're right for sure. Transfer is still pending since forever. It should not have been done so.",48
I topped up about half an hour ago and the charge is still pending. I'm a new customer and today is my first time doing this. Can you fix it? It doesn't seem to be working.,47
How do you check my identity?,69
"When my card expires soon, how fast is the replacement card sent and what are the costs?",9
I cannot get my google pay to work.,2
Can you tell me what I need for identity validation?,69
I prefer to get a Mastercard.,73
I can't find the money I just added to my account.,47
My card is lost!  Please help me!,41
Do I need to go to an office to change my pin?,21
how do i get the card linked,13
What do I do if I can't access the app?,42
My virtual card isn't working.,72
When will I get my money? It's been too long.,66
Your exchange rate is totally wrong for my card payment,17
can I have a non virtual card?,43
Should I complete my security verification before I can use my account?,74
Tell me how to reset the passcode.,44
Seems like my top-up has been cancelled,61
How do I verify my source of funds?,70
What are the steps for the identity checks?,69
Can you do exchanges of EUR?,36
How can I fix a problem where contactless isn't working?,23
The app failed to verify my identity.,68
"I would like to use the bank transfer feature, but I can't find it. Can you please give me the details?",65
How long do European transfers take?,67
Am I able to use Apple Pay?,2
How can I activate my card so I can start using it?,0
I hope you can help me. Someone has stolen my wallet and now I have noticed that they have been taking money from my account.,20
"I have obtained the salary in GBP, will it need to be configured?",50
Use credit card to transfer money,62
I have noticed that my account was double charged for a couple of items this week. Please review and refund the double charged items back.,63
My card got stuck in an ATM.,18
Today I was out eating and my card was declined. Why's that?,14
How do I update my details?,30
What number of times can I top-up?,60
Can my friend send me money?,50
If my transfer is from Europe how long will it take?,67
What types of cards and money do you accept?,54
Help me figure out how to link the new card.,13
Why can I not do a  transfer,7
How do I go about getting an actual card?,43
What steps do I have to take to activate my card?,0
My top-up seems to be pending for a long time?,47
"I purchased something and the seller hasn't received the money yet, but it has been deducted from my account.",53
How long do bank transfers usually take?,5
I need it delivered on a certain date.,12
Tell me why my card payment was declined.,25
Can I verify my identity?,69
There was a canceled payment for my card.,53
Which ATM's will accept my card?,3
How much will I be charged for a cross-currency exchange?,31
Someone stole my phone.,42
can i see money source?,70
What is the maximum I can transfer before I incur fees?,64
Does it cost to top up my card?,57
Can I have my money refunded for an item,52
I have an incorrect charge and would like a refund.,52
What do I do if my Google pay top up isn't working?,2
I've completely forgot the code to get into the app.,44
"I need to exchange my GBP to AUD, how would I do this?",33
The refund doesn't show in my account,51
How do I deal with a blocked PIN?,49
How can I top-up my limit?,60
Is there an allowance on cards?,15
How old must I be to open an account?,1
I sees some suspicious spending on my credit card that I don't recall I had made. What should I do?,22
What steps can I take if someone else is using my card?,22
How does a US resident go about acquiring a new card?,24
I made a transaction at an atm and was charged extra for it.,19
Is my card actually working? It's the first time I tried using it,26
I entered my pin wrong  too many times.,49
I'd prefer to use my American Express when putting funds into my account.,54
How can i get new card?,23
Am I able to change my PIN at certain cash machines?,21
Are there restrictions for my disposable card since it does not seem to be working?,72
How many card payments can I use on a disposable card?,29
"I want to transfer money to a beneficiary, but I couldn't.",7
The amount of cash i have received is not correct.,75
Do I receive the physical card for free,43
Is there a way to track the new card you sent me?,11
What is the process to create a disposable virtual card?,37
My passcode doesn't seem to be working,44
Does it cost to add money to my card?,57
explain the virtual card,40
Is it possible to get a card outside the UK?,24
"
At which ATMs can I use this card?",3
"How long do transfers need to come through? I sent some money to a friend, she needs it urgently, but seems it's still not there yet after a couple hours.",66
"If I see a payment in the app that I don't recognize, what should I do?",16
I look but I see no virtual card. Why is that?,40
exchanging currencies costs what?,31
Where is a Mastercard ATM?,3
"My card will expire soon, When do I need to order a new one?",9
Where do I find the auto top up option?,4
Is it possible to top up using a cheque?,58
Why can't I see my funds after I topped up?,47
What is the procedure of unblocking my PIN?,49
I transferred some money but it hasn't arrived.,66
"
Do I need to go to a physical bank to change my PIN?",21
"I received the wrong color and size, can I return it?",52
I asked for $100 cash but only got $20?,75
Can i get money in my home currency at my ATM ?I am on holiday and bit concerned because i do not have any cash with me .Is it possible to withdraw without any additional cost.,76
I think my card is stolen!,41
How do I get another card,39
I checked the exchange rate when I withdrew cash. But the actual rate that you applied was different.,76
Someone stole my card!,41
Where can I find a list of descriptions the disposable cards have?,29
It can take between 10 minutes to an hour before you hear back from us about the verification result.  Please try again if your verification fails.  Make sure you double check that images are clear and all document photos are readable without blur or glare. You have to be 18 or older and live in the European Economic area or live in Switzerland to be able to open an account.,68
I need a refund for something I bought.,52
"I transferred 7,000 to a receiver outside the EU and they received a lesser amount than what I sent, Unfortunately, now I must send an additional transfer to the receiver so that they can receive the full amount I initially sent.  I'm not sure why they received a lesser amount than what I initially sen, but can you please look into this and let me know what happened?",64
Why do i have to verify my top-up card?,71
I moved and would like to change my address.,30
If my card payment isn't working what do I do?,25
"ATMs, which ones will accept this card?",3
Seems like my top-up has not gone through,47
My card payment didn't go through.,25
My statement has a dollar I have been charged showing up on it.,34
Please tell me how you can stop unauthorized payments from being made on my card since on this bill I see that this has happened. There are transactions that I never made from a place I've never been to.,22
I need to know your exchange rates.,32
I can't see my refund on my account,51
Is there a charge or discount if I use a European bank in a top up?,57
I made a purchase but never expected to see a fee charged for the transaction.,15
I need my card immediately.,12
What does it mean if my payment has been reverted?,53
What is the charge for exchanging currencies?,31
How come I did not get a virtual card yet?,40
I went to top up and it is no longer there.  Was it sent back?,61
I don't remember my passcode?,44
I don't see my card anywhere in the app.,13
What do I do since the machine swallowed my card. I need one.,18
"I need to transfer some money, can I use my credit card?",62
How do I get unblocked?,49
How do I verify the top up?,71
why do your exchange rates change,32
How can I receive a virtual card?,40
My app was on the phone and I was mugged.  What do I do?,42
How long will an urgent transfer from China take?,67
Are my friends able to add funds to my account?,62
What form of payments can I use for topping up?,58
I want to top up my account. What payment methods are supported?,54
Please can i get a disposable virtual card as well?,37
I just got an email in confirming my purchase with my card. I login to the mobile app on the card and found out there are several purchase were made without me aware of it. Evidently someone had stole my card information and made these fraudulent purchase. I need the transaction to be reverse and have my card suspended.,22
my top up isnt there yet where do i find it,62
Do you know if there is a tracking number for the new card you sent me?,11
What are the countries that you operate in?,24
Is a tracking number available for the card that was just sent?,11
I want to do a cash deposit to top up. How do I do this?,58
Let me know when you charge extra for payments please. I just checked the app earlier when I saw that there was an additional fee on one of the payments that I wasn't warned about before.,15
There is a cash withdrawal on my statement that I did not make,20
What is the normal time to make an international transfer? I made one a few days ago that still hasn't arrived.,5
Someone else used my card!,22
Why did using an ATM cause me to be charged an additional fee?,19
I tried entering my pin several times incorrectly. Why isn't my pin working?,49
I made a cash deposit going to my account but it is not there,6
"my identity hasn't been verified and i can't edit my details, what's next",30
"I used my card to top up, but now I don't see the money in my account.",62
Can you help me get a disposable virtual card?,37
I a having trouble proving my identity,68
There is not a refund in my statement.,51
Does it cost anything to do currency exchanges?,31
I have an unauthorized charge.,28
How long will a transfer from China take? I need to transfer something from there.,67
What do you base your exchange rates on?,32
Can I get more cards just incase?,39
What should I do if I don't know my password?,44
How much are you going to charge me if I top up my US card?,57
How can I open an account for my children?,1
What all currencies can be exchanged?,33
Do I have to manually top up once I'm too low?,4
I sent payment with EU transfer and they still haven't received it. How long does it take?,48
I need some help with identity verification.,69
How much do I have to pay for the exchange fee?,31
I lost my phone and need help so someone doesn't access my account.,42
Why is my beneficiary not being allowed to get payment services?,7
I see a direct debit charge that I did not approve,28
"I would like to top up via credit card, which credit cards do you support?",54
The ATM I used for foreign currency provided the wrong exchange rate.,76
"I noticed my card payment was cancelled, can you tell me why?",53
What are the disposable cards restrictions?,29
The top-up did not go through.,59
"The top-up has a definite problem! I regularly use your service and haven't had a problem before, but now the top-up just shows pending. Please tell my why it continues to show pending.",47
A random charge got added to my card,16
What are the requirements to verify my identity?,69
Is my credit card supported for top-ups?,54
Why did I get declined during a transfer?,27
My identity can't be verified.,68
what is this charge i didnt do it what can i do,28
Can I have more than 2 disposable cards?,29
Can I see that history on my funds and where they came from?,70
Are there any charges for topping up my card?,57
Do you ship cards to where I live?,43
"I have been waiting for my transfer, shouldn't it be here already?",67
"How come my top-up didn't go through instantly, like it usually does?",47
Would I be charged for exchanging currencies?,31
How often can I top up my account?,60
"I really wanted to buy something online but seems the card is not working as the payment suddenly came back! What's going on here, I've been trying for a good week or two.",53
Help me unblock my PIN.,49
My virtual card is just not going through.,72
why is there a fee for a payment on my card?,15
Will I be charged a fee to top up using a debit or credit card?,57
How long will a transfer from Europe take?,67
How do I fix a reverted top up?,61
Is there a charge for sending out more cards?,39
Why would a transfer fail?,35
What kind of businesses will take my card?,10
Please send a new card; the ATM ate mine.,18
When will my card arrive?,12
In what places can I use my card?,10
How can I request cash back? The ATM just gave me a different amount than what I've been charged though...,75
"After I deposited my cash, I still don't see it in my account.",6
The app is telling me that I am not me.,68
My phone is not with me at the moment so I will not be able to access the app.,42
"If you are waiting for verification, it can take 10 minutes to 60 minutes to get results.You will hear from us once we have it.  Please make sure your images are clear and photos of documents are readable. you have to be at least 18 years old and live withing the Economic Area of Europe or in Switzerland in order to open an account.",68
Can you tell me what the transfer policy is?,56
How can I add money to my account from another account I have?,65
How long does it take for a pending cash withdrawal?,46
I'm trying to take money from my account but its not letting me. Help!,26
To receive money are there charges?,56
Can I use Apple Pay to top up?,2
Is it possible to exchange currencies using the app?,33
What is the exchange rate like?,32
How do I reset my PIN?,49
I can not find my phone or it has been stolen.,42
What is the reason my cash withdrawal is still pending?,46
May I get my salary paid out in a different currency?,50
How do I get the contactless feature to work for my card?,23
Is there a reason my top-up has not gone through?,47
The app won't let me top up my account,59
I got some cash in the ATM but its still pending,46
Can you tell me how to get a disposable virtual card?,37
I thought transfers were free of charge.  I bought something abroad and got charged a ridiculous fee. How do I get this problem fixed.,64
I need to close my account as soon as possible.,55
Can i deposit my salary to this account?,50
What if I need my salary in a different currency?,50
How do I get my card back after the ATM swallowed it.,18
The ATM I'm standing in front of only gave me 10 pounds rather than the 30 pounds I wanted. The app shows I took out 30 pounds also. What do I need to do to fix this?,75
When I tried to pay in a store my card din't work,25
how come when i asked for 100 it only gave me 20.00 in the app,75
What should I expect to be charged on a SEPA transfer?,56
Is there a limit to top-ups?,60
My card is just not working at this time.,72
Will I be able to use my card anywhere?,10
I was wondering if you will take any fees in exchange for top ups?,57
I was mugged yesterday and they took everything.  I can't access my app.  What are my next steps?,42
Can I use a credit card from the US to top up?,54
How long should it take for my new card to arrive in them mail? What should I do if I never receive it?,11
My card seems to not be working at all.,14
Can you please tell me where my card is? I ordered it 2 weeks ago!,11
"I need to make a transfer, what will the fee be?",56
The amount of exchange was not correct for the item i bought.,17
I want to change my personal details.,30
I need to update my info.,30
"If I have this card, which ATMs can I go to?",3
Why hasn't my return cleared my account?,51
What can you use the disposable cards for?,37
How long can an EU transfer take?,48
My top-up funds aren't available yet.,47
What kind of cards are supported?  What currency?,54
What's the problem? My card keeps getting declined for top up. I need to know what is going on.,59
What things do I need to verify my identity?,69
My account was charged a fee. When did you start charging extra for card payments?,15
"I have a disposable card, how many transactions can I make?",29
I tried to make a payment with my card and it was declined. Why is it pending?,45
how long dies it take for transfers to reflect on my balance,67
I want a refund on this.,52
How do I go forth on verifying my identity?,69
I need to order a new card.,43
my card was not in the mail again can you advise?,12
When will my cash withdrawal show/,46
I would like a refund on one of your products that has been sold to me,52
How can I change my Tholepin ?,21
The exchange rates are?,32
"The transactions showing up are strange, I think my card was used without me knowing.",22
Do I really need to verify my identity?,74
I was taking out funds and was unable to regain my card.,18
My cash in the ATM is still pending,46
The new card that was just sent to me was declined multiple times yesterday when I tried to use it at a restaurant to pay for my dinner.  I am really disappointed  and embarrassed that my card was denied when I tried to use it to pay for my friend's birthday dinner.,25
"Can you check about unauthorized use of my card, I think someone is using mine without my knowledge?",22
What is the exchange looking like?,32
IS there anywhere that a card cannot be delivered?,43
Can you tell me what the disposable cards are used for?,37
why wouldn't you support american express? its a card i like and use often and i don't want to get a different one,54
I haven't received the PIN yet.,38
My card was topped this morning but I can't see the funds. Why didn't it complete?,47
Why did you charge me for taking out cash?,19
"My PIN is unlocked, what do I do?",49
"Something is wrong, my top-up is gone and I don't know what happened to my money.",61
I'm waiting for my transaction to complete.,66
What do I need in regards to identification?,69
Tell me about the limit for top ups.,60
What are the steps I need to take to cancel a transaction?,8
"I lost my phone, what should I do?",42
Can you tell me where you get your exchange rates?,32
"i have been trying to add money with apple pay but it wont work, why?",2
What is the average pending time for a transaction?,48
"With this app, will I be able to exchange currency?",33
I have a problem with a transfer. It didn't work. Can you tell me why?,27
Is the verification number on the top up card,71
I think my card has been used by somebody else since I was never in the little town where some transactions on this bill have come from. Please stop this right away.,22
Why would I be charged more than once for the same transaction?,63
I am not able to do contactless.,23
"I paid my rent into the wrong account, could you please pay it into the right account, it needs to be done by tomorrow.",8
The wrong rate was applied to an item I bought in a currency different from mine. Can this be changed?,17
Can you help me with proving my identity?,68
The top-up I ordered didn't process.,59
What can I do if I lost my card?,41
Do I need to replace my card if it didn't work when I tried to pay contactless at the shop today?,23
Why was a fee added to my bill when I used my card?,15
Is there any way I can get more physical cards to use with my account?,39
What methods can I use to add money to my account?,65
Tell me what I should do after my card expires.,9
Can you explain why my transfer was unsuccessful?,35
Which type of card will I receive?,73
I need to get a disposable virtual card?,37
How did my top-up fail?,59
I didn't realize that there were any fees for withdrawing money from my account--this has never happened to me before.  What exactly are the fees?,19
An ATM swallowed my credit card!,18
Will I be charged for a cash withdrawal?,19
For what reason can I not transfer money to a beneficiary?,7
The app is showing a direct debit transaction that I did not perform,28
I think I may have been charged $1 extra on my app.  Could you provide some insight as to why this may have happened?,34
why didnt my account allow a transfer,7
Do you ship your cards anywhere?,43
Do I have to pay more for exchanges?,31
I have to verify the source of my funds,70
How long does it take for a transfer to be in my account?,67
There's a cash withdraw on my statement that I didn't make.,20
How do I know if my top up worked?,59
Could you please help me?  I made my rent payment and have double checked that I sent it to the right account.  The person receiving it says he has not received it but it shows complete on my side.,66
It seems that something went wrong with my exchange. I changed Russian Ruble into UK pounds but have been charged entirely too much!,17
Why doesn't my passcode work?,44
What happens if the ATM gives me the wrong amount of money?,75
How can I tell where my funds came from?,70
"I would like to order a virtual card, where can I get one?",40
How long will it take for my transaction to be completed?,66
How do I change the details in my account?,30
What identification is required to activate my card?,0
"If I will be traveling, is there a way to auto top-up my card on certain days?",4
Is it possible to delete the account?,55
Can my teenager have an account?,1
The balance on my account wasn't updated after I made a depost.,6
The rate applied to my purchase in a foreign currency was wrong.,17
Can I use my card wherever I want?,10
My payment was declined,25
Why do you need to know where my money is coming from?,70
How can we correct a mistake on an ATM transaction?  The app shows what I should have gotten.,75
Can i make transactions before identity verification is complete?,74
The ATM at Metro bank on High St. Kensington didn't return my card. What should I do now that the bank is closed?,18
I can't find any option to top up with a cheque?,58
Will there be a cost if I exchange currency?,31
How can I freeze a stolen card?,41
Why is there are there two of the same transaction?,63
Is my card payment reverted?,53
This disposable virtual card is not working.,72
Is it possible for me to set up separate accounts for my kids?,1
"I want to add money to my international card, so are there any fees charged to do this?",57
How can I get my Google pay top up to work?,2
Do you have EUR currency available for me?,36
"How much time do transfers take? I sent money to a friend who needs it fast. It's been hours, and the money has not gone through.",66
I may have entered the PIN wrong and the account is blocked.  What do I have to do to get it unblocked.,49
How can I change to my married name?,30
How do I use my card if I lost my phone?,42
How do I receive a refund for my item?,52
I have a payment that is still pending,45
My transfers are being declined. IT has always worked for me but now it's declining my card. I've tried several times.,27
I would like to receive a few more physical cards.,39
There is a direct debit patentp that I haven't authorized.,28
How long do i have to wait for a transfer to reach my account?,67
How can I locate the virtual card?,40
I made a deposit this morning but it is still pending?,6
why isn't my top-up going through?,47
Can I have my account add money automatically in certain intervals?,4
My credit card has been declined.,25
I ordered a virtual card but it hasn't come through yet,40
where do you have locations at,24
How do I find the top-up verification code?,71
Is there a fee for exchanging currencies?,31
I have a fee listed for a transfer.,64
Where do I go to change my PIN?,21
How long will I have to wait for my new card?,12
Why are there multiple transactions showing for one purchase?,63
Why can't I see a transfer to my account?,5
I just initiated a transfer but I'd like to cancel it.,8
What cards do you offer?,73
Card delivery services? Where?,43
I bought some stuff this morning but the payment shows as pending,45
The seller of the items I bought online the other day hasn't received the EU transfer yet. How long do these usually take?,48
"my card details could be stolen, as i didnt make these transactions",22
why couldn't I get cash in the ATM?,26
How old does my daughter have to be to open an account?,1
Can you check the exchange rate on a cash transaction I did overseas,76
"How come you charge for cash withdrawals? I withdrew cash after buying groceries today, and there seems to be a new fee",19
"Using your app, would I be able to exchange between USD and GBP?",33
My card never arrived.,11
"I need to delete my account, please.",55
I'm not able to withdraw money from the ATM but I'm not sure why.,26
Do you support other currencies?,36
"Hey I tried to get some money out earlier but the machine didn't work. Now just saw the transaction still seems in progress! Can you please check what's going there, seems something is broken, I don't want to be charged for money that I haven't actually received!",46
My card hasn't arrived yet.,11
How long does a transfer from the United Kingdom take? I haven't seen it show up yet in my bank account and want to make sure I get the transfer.,5
Is it possible to get a real card?,43
Please help me change my PIN.,21
I'm not sure what I need to verify my identity.,69
Where can I get a card in the EU?,24
Can I order a card please?,43
I like to Mastercard rather than Visa.,73
There is a strange payment on my statement. What should I do?,16
how much do you charge to accept transfers,56
Can I select my card scheme or do you choose it for me?,73
The ATM wouldn't allow me to withdraw money,26
Can I change my PIN?,21
"Help, the ATM didn't give me all the money I requested",75
There is a payment done with my card which i definitely did not do.Never seen that name before.,16
Tell me how a top up would be reverted.,61
I believe my card has been compromised because of a strange withdrawal,20
Your exchange rates are coming from where?,32
My transfer is still pending and I know the account numbers are correct.  Please help.,48
I am having difficulties to verify my identity.,68
I recently purchased something and the seller says my money has not arrived yet. It was in EU's. How long does this take?,48
Are my contactless settings correct? I tried to use it today but it wasn't working.,23
"I have my residency in the US, but I would love to get a card.",24
"I am a new customer, and I happened to look at my app and there is a charge I am not familiar with.  Could you tell me why the extra charge is there?",34
"I want to reactivate my card, I thought I had lost it but found it again in my jacket.",13
Why is the exchange rate different on my recent purchase?,17
What went wrong with my transfer?,27
What is the longest a US transfer should take to appear in my account?,67
What should I do if I've tried to enter my PIN too often?,49
Please help!  There was an extra fee when I got cash.,19
How long before transferred money shows up?,5
Can topping up be automatic?,4
I am having trouble proving my identity.,68
I would like to know if I can top up with Google Pay.,2
How many currencies can I have money in in my account?,36
I'm having trouble verifying my ID.,68
How can disposable cards be used?,37
Please delete my account and personal information.,55
I have a problem!  The ATM stole my card!,18
Why are top-ups being verified?,71
I want to top up by card,62
Who can request disposable cards?,29
Why has my card been charged an extra pound?,34
What fiat currencies are used for exchange?,36
There should be a cash withdrawal that I haven't seen yet.,46
My statement has a charge that shouldn't have been made.,52
Why was my PIN blocked?,49
I used an ATM in a foreign currency but the rate applied is wrong!,76
Was my transaction reverted with my card?,53
The amount of time that transfers usually take from a UK account is what?I just completed a transfer and it is not showing up at all. I'm wondering at this point if everything is actually okay.,5
Do I have to verify the top-up?,71
Can I exchange my money for EUR?,36
What are acceptable documents to prove my identity?,69
i need to add express delivery if that's an option,12
How can I receive money from someone?,50
How can I check on the delivery status of my card?,11
How can I change my name because I just got married?,30
Is it possible to top up with Apple Pay?,2
How can I change currency type?,33
I cannot activate my card.,0
$1 charge in transaction.,34
I need to do a card activation.,0
"I thought I left my card at a restaurant, but they claim not to have it and now I don't have any idea where it is. I'm so worried that someone might be using it fraudulently. Is there any way to look into this?",41
I should not have been charged a fee for cash withdrawal.,19
where do I request a disposable virtual card?,37
Why is it showing that my account has been charged a dollar that is showing as pending?,34
there's a delay in my top-up,47
"My cash withdrawal is showing as pending, why?",46
My card payment has not been withdrawn from my account,53
The money is still in my account even though I already paid -- I don't understand what happened.,53
Is there a fee for a SEPA transfer,56
Why isn't top-up working? My top-up money disappeared after I saw that it was successfully transferred. Is it gone? Where did it go?,61
Is there an additional charge to exchange currencies?,31
Is PIN delivered separately?,38
"Hi, during online shopping payment is getting declined yesterday and today as well. Please check the issue.",27
Is there a reason my payments are pending?,45
Is it possible for me to top up with Google Pay?,2
Card activation steps,0
I found the exchange rate for my cash withdrawal is wrong,76
Why was I charged an extra fee when paying with card?,15
What fiat currencies are used for holdings?,36
are both visa and mastercard available to me?,73
Is there a fee for extra cards?,39
I got my new card where do I go to activate it?,0
terminate my account please,55
How come my transfer got declined,27
"May I use my account now, even though the identity verification has not gone through yet?",74
I want to create a new pin.,21
I can't get my virtual card to work at all,72
There are transactions that I don't recognize. What do I do if I think someone is using my card?,22
How long should it take for a transfer to go through? I have been waiting a while.,66
Can I use google play as my primary app to Top up?,2
I did a transfer but its still pending,48
I need to cancel a transaction.,8
Why was my virtual card declined when attempting to setup automatic billing?,72
What age do you have to be to open an account?,1
"For you, how long do transfers normally take from a UK account? I completed one just now but nothing appears. I just need to be sure everything is okay.",5
My disposable card seems not to be working am I doing something wrong?,72
My card stopped working when I use it,14
I am waiting for a payment to go through.,45
I transferred money but the recipient does not see the funds in their account?,66
When will I be able to see the refund,51
I have an outgoing transfer,48
"I've use my accounts all the time to manage my payments for my place abroad that I just got. I now see that I suddenly have new fees.I'm a frequent customer, so why are you charging me new fees instead of rewarding me?",64
Where can I find top up by cash deposit?,58
I used my card to get cash then I was charged a fee that I shouldn't have been charged.,19
How can I get my physical card to work?,14
Why isn't my contactless not working?,23
What should I do if I think someone stole my details and used my information to make some transactions?,22
The ATM ate my card.,18
Do I have a $1 extra fee on the statement?,34
Will I be able to get both a visa and a mastercard?,73
"Please, tell me why I can't have the funds I deposited a week ago? I need the money now.",6
"I asked for $40 and I only received $20, what happened?",75
"My card is still pending, I've been waiting a while.",45
I can't seem to use my card. Can you help?,14
want a new card what are the fees,9
Why would my transfer be declined?,27
I entered the wrong pin too many times and now I am blocked.  Help me unblock!,49
"There is a direct debit that I didn't set up, what should I do?",28
How do I get this damn virtual card to work?,72
Do top-up limits exist?,60
Why hasn't my transfer gone through yet?,48
"Heyy I tried to top up with my card today but it failed! I just got the couple days before but it has worked last time. What's going on, can you double check please?",59
I need some help figuring out what this strange payment is on my account. It's stays pending and won't go away.,34
How can I verify if a cash withdrawal was made from my account? I still have my card with me but I did not authorize the withdrawal that just occurred.,20
I tried to buy something over the Internet yesterday and got a declined error. I tried again today and got the same message. What is the issue?,27
I bought some things this morning but the payment shows that it is pending,45
I made a withdraw from the ATM this past holiday and it seems like a was charged too much. If I would have   known about these charges I wouldn't have made a withdraw.,76
Can you freeze my card it was stolen,41
Can I use this app to exchange between dollars and pounds?,33
"If I feel someone has my card information, can I get a new card?",22
My credit card got declined for top up! What's going on? Can you check on why it didn't go through?,59
I forgot my password to get into the app!,44
When will I get my card?,11
Is there an option to top up a with cheque?,58
"I did a payment with my card but seem that didn't work, it's still listed as pending since a while ago. When does this actually go through?",45
How do I get refills to my card when I'm traveling?,4
Is a SWIFT transfer okay?,56
I need to transfer something to China. It is urgent. How many days will it take to get there?,67
should i contact customer support if i can't edit details,30
I didn't get the right amount at the ATM.,75
When I got cash I believe that the exchange rate was wrong,76
"I will need to exchange currencies frequently, will I be able to get a discount?",31
I need to terminate my account.,55
How do I get a card if I live in the US?,24
Can you tell me my code to get into the app?,44
"There was money taken out of my account, and I'm pretty sure I didn't do it.",20
My contactless stopped working today for no good reason. It's not working no matter where I try to use it. Can you please help me fix it?,23
Are there any fees if I want to add money using an international card?,57
I paid with card and was charged a fee that shouldn't be there!,15
Why was I charged extra using my card?,15
what is the charges for new card?,23
Why can't I transfer money to a beneficiery?,7
My ATM transaction was cancelled.,26
Will you charge an extra fee for top ups?,57
What is the best way to get my virtual card?,40
Can I get my money back on an item?,52
My contactless payments don't work.,23
My account has a weird withdrawal.,20
How long does it take for a cash withdrawal to show?,46
Help me activate my card.,0
Why does my card continually get declined? I thought I had enough money in there but I've tried several times now and it still isn't working.,27
Can I top-up via Apple Pay?,2
How much does a transfer cost?,56
I didn't set up the direct debit I have,28
How is the exchange rate calculated?,32
Was charged an ATM fee despite it being a small withdrawal on the 1st day of the month. I thought I was allowed 200 per month?,19
When will my transfer come through?,5
When going to the ATM to take out some cash today my withdrawal was  declined.  I need to fix this problem as soon as possible. whats going on?,26
How can I move money from my account at a different bank to the account I have at this bank.,65
"If I started the Bank transfer from Europe, how long will the process take to complete?",67
How to decide if I get a Visa or Mastercard?,73
I'm not familiar with a card payment.,16
how should i add money to my card,57
I still don't have a card. How do I get one?,43
Can I use my card everywhere?,10
How do I deactivate my account?,55
Help! Someone stole my card!,41
There is an ATM withdrawl in the app I don't recognize.,20
Do you support top ups?,61
How do I stop fraud to my card?,22
What currencies do you accept to add money?,54
My card was declined in a shop,25
My card was declined at a restaurant today and I don't know what the problem is.,14
Where can I exchange my money for EUR?,36
Where'd the rest of my cash go from the ATM,75
"Why are all my transfers failing?  I have the details right and they won't complete.  I've been trying all day and they still won't go through, this is URGENT, please help.",27
How do I go about ordering a card?,43
Can I order extra cards?,39
My attempted transfer keeps kicking back with an error message.  Could you please help me to resolve this?,7
Can I request a physical card?,43
What is the reason my payment was not accepted?,25
"I transferred money to another country several days ago, but my transaction is still pending. i have checked that the accounts are keyed in correctly. what sees to be the problem?",48
Please help me regarding a direct debit in the app that I don't recognize.,28
"I want to reset my passcode, how can I do that?",44
What can I expect if I use bank transfer to top up my account?,65
How would I go about getting a second card?,39
Someone has taken my phone from my hotel room!,42
There are strange transactions on my account.  What should I do if I think someone stole my details?,22
How can I exchange currencies in the app?,33
I'm having difficulty verifying my identity.,68
Can you tell me the status of my new card?,41
What will I need to verify my identity,69
I'm trying to transfer money to another country. It's just pending and not sending. My account details are correct. Please help me.,48
Where does the exchange rate stand right now?,32
I think my card is broken,14
Can you tell me how to tell where my funds come from?,70
Why did the disposable virtual card which I used to pay a gym subscription get denied?,72
How much does it cost to get a new card?  Mine is almost expired.  How fast does it come?,9
I'd like to provide my daughter with a card - could I get an additional card from my account to give her?,39
Is it possible to give a second card for this account to my daughter?,39
How old can one use your service?,1
"If someone sends me money, will I be charged?",56
which kind of documentation do I need for identity check?,69
how do i change name?,30
I need my card soon.,12
"How much is a cross currency exchange, and can I check to see if I have any discounts available?",31
Why is my transfer pending?,48
Where in the European Union can I get a card?,24
Why can't I get my top up to work in Apple Pay?,2
What do I do if I think someone has used my card without permission? I can see a few transactions I don't recognize.,22
I want to add money automatically when I travel.,4
Reasons for top up cancellation.,61
Can I have it delivered on the date I need it delivered?,12
I need my refund as soon as possible. What else do I have to do?,51
I won't be pleased unless I get a Mastercard.,73
I think I was double charged,63
Why can't I top up with a cheque?,58
"Card payment was declined, do you know why?",25
Why hasnt my top up gone through yet?? I thought it was suppose to be instant? Am I wrong? Why is it still pending?,47
Is there a way to revert my transaction from this morning?,8
Please help!  I was mugged and everything stolen.  What do I do to stop them from accessing my account?,42
My card is about to expire.,9
Can I change or hold different currency?,36
Why did my payment get declined?,27
I tried to pay contactless at the bus today and it didn't work. Any ideas why?,23
I really was trying to complete this exhange. I was trying to purchase some crypto but the app won't allow me to do it. Can you tell me what's going on here?,7
How do I deactivate a stolen card?,41
Why is my refund not visible on my statement?,51
"So, I was under the impression that you have an offer for crypto top up. This doesn't seem to be working. Now, the money has just disappeared from my account. What is the deal?",61
Someone has been using my card. There are unfamiliar transactions on there. Can you freeze the card to keep this from happening?,22
How do I change my name?,30
How do I go forth on transferring money into my account?,65
I need to know if everything is okay here. After making a transfer from a UK account it doesn't show up. How long does this normally take to process?,5
How old do you have to be to be able to open an account?,1
I am still waiting for verification.  Can I use my account before I am verified?,74
I ordered my card but it still isn't here,11
Can I use my account although the identity verification has not been accepted yet?,74
My card is about to expire.  How do I get a new card?,9
Would I be able to get a refund for something I bought?,52
I exchange currencies a lot.  Can I get a discount?,31
What steps do I do to transfer money using my credit card?,62
"I made a transfer and according to the receiver ""they haven't received the right amount"" Its lesser than it should be.Now I have to transfer more money to make up for the missing amount . Can you please help me about this,what should be done",64
I need my PIN,38
Why haven't I gotten a virtual card yet?,40
Why am I being charged a fee for using my card? If there is some print out of places that charge me can you please send me that?,15
Show me how to verify my identity?,69
Trouble transferring transaction contact for help,27
Why was I charged for cash withdrawal?,19
How do I replace a card that's going to expire?,9
What are the maximum amount you can do for auto top-up?,4
When will my transfer process?,5
where has my transferred money gone?,66
I receive my salary in GBP. Do I need to configure this somehwere?,50
I see cash in my app but I did not get it.,20
Why are the things I bought earlier today still showing as pending?,45
Can I edit my personal details?,30
can I use it all over the world?,24
Where are the virtual cards?,40
"I don't know what's wrong, my contactless stopped working. Tried it in a few different places today and it didn't work in any of them.",23
What ATMs can I use this card?,3
Can friends transfer money to each other?,50
Top up keeps failing,59
How do I cancel a previous purchase,52
Can I use my account although my identity verification has yet to pass?,74
Are there any charges for topping up a US-issued card?,57
How can I process a refund for something I purchased?,52
Are SWIFT Transfers available at this bank?,56
"Hi, i don't know what's going on i've just paid for my top up twice by accident can you help me get a refund please.",61
I saw a payment i did not do,16
"When I got cash, I'm pretty sure there was a glitch that overcharged me.",19
I need to know what charges I will incur for using a European card for top up.,57
After my card expires what should I do?,9
Is it possible to exchange currencies?,33
"Since my card is about to expire, I need a new one.",9
why do I have an unknown payment?,16
Who do I make a check out to if I want to top off my account?,58
I'm confused ass to why my contactless is not working.,23
My account says I have money but I withdrew it in cash.,46
Why is my identity not being verified?,68
Why does my identity need verification?,74
What is minimum age for an account?,1
Why on earth do you need so much personal id info from me?,74
Can I create a disposable virtual card?,37
How do I reset my passcode?,44
Is there a maximum for top-ups?,60
I was the victim of someone stealing my wallet.  My card is being used and it isn't me.  What should I do?,20
"
Which cash machines will allow me to change my PIN?",21
How long does it take for a payment to change from pending?,45
Supported countries,24
How much longer do I have to wait until my transaction is complete? I transferred money to another country many hours ago and the transaction is still pending.,48
I have transferred some money but the balance hasn't changed,5
How do you determine the exchange rate?,32
How do I check security settings on my card?,14
"I would like an account for my children, how do I go about doing this?",1
I just moved. How do I give you my new address?,30
Why was my top up reverted?,61
"Hello, I'm having trouble with my card, I don't understand what's happening, I tried using the ATM machine earlier but it wasn't working but seems like the transactions is still in progress, can you cancel it for me?",46
"I think something is wrong with your top up.  I've been waiting a little over an hour for this to go through, can you send it through for me?",47
Last week I put a cash deposit into my account and it is still isn't there.,6
Someone else charged my card!,28
I have a trasnger that is pending and wondered about it.,48
I might need a new card because it's not working at any of the ATMs. I don't think ive used all my money. Why is it doing this?,26
I purchased something overseas and the incorrect exchange rate was applied.,17
How do I use a disposable virtual card?,37
There is a payment with my card which i definitely did not do.,16
What kind of costs are involved for exchanging currency?,31
Tell me why my transfer is declined.,27
"It looks like someone besides me ordered something with my card, what should I do?",22
My card payment was cancelled it seems.,53
How do I go through the identity checks?,69
I received my card but not my PIN.,38
Why am I unable verify my id?,68
tell me how to get a refund for something I bought.,52
I am having trouble to verify my identity,68
can i transfer money i the app,65
How long does it take to process transfers from Europe?,67
Can you tell me the limits for top ups?,60
What is the process for activating my card?,0
I took out some cash from the ATM but it is still showing the transaction is pending.,46
"I need to reset my passcode, this one isn't working",44
Please explain the extra fee when I paid with the card.,15
"Hearing back from us regarding your important verification results may take 10 minutes to one hour time.  If verification results do fail, double-check to make sure all of your images are clear --  make sure your photos have no glare or blurring. Note: These photos need to be readable as well.  You also need to be 18 years of age or older.  You must be a resident of Switzerland or the European Economic Area to open a new account.",68
Can I unblock my card using the app?,49
I would like to reactivate my card that I previously reported lost. I located the card this morning.,13
What services can I use to top up?,2
Can I use my account without verifying my identity?,74
What forms of payment do you accept?,54
The ATM kept my card?,18
My top up did not complete.,47
What do I do to close my account?,55
I would like to top up my account automatically. How do I do that?,4
When will I receive a transfer from europe?,67
Will you charge me for exchanging foreign currencies?,31
Hello! I recently made a purchase and I'm needing to cancel my order and process a refund as soon as possible.,52
I found my lost card. Am I still able to use it?,13
Is there places where I can't withdraw money?,3
How do I freeze my card? I think someone is using it to make a bunch of online transactions.,22
areas card is accpeted,10
Any chance of getting the card outside the UK?,24
How do I initiated a bank transfer to top up?,65
I made an error in payment yesterday and I need it fixed asap because it's for my rent tomorrow.,8
I made a purchase and was charged at the wrong foreign exchange rate.,17
Please tell me where I can update my details since I moved.,30
What is this fee debit on my account?,34
how to get virtual card,40
How long does shipping take to get to a US destination?,12
What steps must I follow to get a Visa credit card?,73
Why do transfers get declined?,27
I'm supposed to have a refund but it isn't there,51
A friend was telling me about her disposable cards. What would I have to do to be able to get that feature?,29
Why can't I complete the transfer?,35
Please show me how my friend can send me money.,50
Help me!  I don't know what my password is.,44
"I put some money in my account the other day and it's not gone in yet, can you help with this?",6
"I need to know this, where do my funds come from?",70
I found my card! Can I link it back into the app?,13
Payments from my disposable virtual card don't work,72
Can I be topped up once I hit a certain balance?,4
How do I go about transferring money using my credit card?,62
Help!  In the app there is a direct debit that I don't remember.,28
I am having trouble finding the top-up card verification code.,71
What do you demand for identity verification?,69
"I tried to top off using the card, but the money just disappeared?",62
I've tried numerous times to submit a transfer of funds. Why isn't it going through?,7
My bill shows the same charge more than once,63
Is there an exchange rate?,32
What is needed for my daughter to open an account?,1
I was charged a fee for my transfer.,64
Am I allowed to change my PIN anywhere?,21
What is the max amount of top-ups?,60
"How do I freeze my bank card, as there has been a strange withdrawal?",20
How can I find the top-up verification code?,71
How do I accept exchanges to EU?,36
My transfer to my account is missing.,5
I want to be sure that everything is okay here. I just made a transfer from a UK account and it is still not showing up. How long does this typically take?,5
Can top ups be done from an apple watch.,2
Is my account able to be topped up by my friends?,62
what are the locations i can withdraw money,3
Where do my available funds come from?,70
"In my statement, there was an extra €1 fee",34
why is there a fee for the transfer I made?,64
Why does my transfer say it is pending?,48
Where is the tracking number for the card?,11
Why did my card payment get declined?,25
Why am I being asked to have an identity check,74
Why is my transfer pending when I already made it?,48
Are there topping up fees if I have to transfer?,56
Will I get extra charges?,64
"I sent money to someone but they haven't gotten it, what's going on?",66
My pin isn't here yet,38
I lost my phone and would like to freeze my accounts.,42
What places will accept my card for payment?,10
Is there a transfer fee?,64
How many ATMs will take this card?,3
What are the fees of using an international card to add money?,57
Will I be charged for adding money by transfer?,56
Is there a fee for exchanging currency?,31
How can I get a physical card,43
Can you help me transfer funds from another bank account to this account?,65
Why isn't my Google Pay top up working for me? Did I do something wrong?,2
Is there a problem with receiving my salary in GBP?,50
"I tried to add a topup to my account but the money isn't there, anymore. Did I do something wrong?",61
How come I was charged an extra fee when paying with the card?,15
How long is US delivery?,12
Can I get information on topping up?,57
Why did I have to pay extra because I paid with my card?,15
The ATM did not give me my card back?,18
what are the reasons why you would not be able to process a payment,7
How can I get my card back out?,18
Can I top up with cash,58
What I topped up was reverted by the app.,61
A payment I didn't do shows in my app,16
How long will it take to deliver to the US?,12
How long will it take for me to get my card?,11
My card stopped working,14
What is the source of funds for my money?,70
The ATM keeps rejecting my Payment. I tried two different ATMs but did not work .Can you please check if everything is okay with my account?,26
Hi I am trying to transfer money to another country but it is showing pending and it has been a long time.  I have checked numbers and they are correct.  Could you please help?,48
"I believe my card has been stolen, what can I do about this situation? It's urgent.",41
Why do you need code verification for my top up?,71
Do I need my phone to use the app?,42
Could you please tell me your exchange rates?,32
I made a payment but it was returned.,53
how do i set up my apple pay watch to connect to my account,2
What are the top-up fees for my card?,57
My money I had was gone and I could not get gas!,62
Why has my transfer not arrived yet?,66
Why was my card payment declined?,25
need to know where money comes from,70
How to edit personal details?,30
What happens if my card payment is cancelled?,53
why wasn't a transfer to account approved,7
"went somewhere else, need to change details",30
Can I get my salary through this?,50
I don't understand why I was charged an additional fee for this service. Can you clarify?,15
Am I able to get a second card?,39
"
I can't seem to be able to use my card


",14
My purchase from this morning still is pending.,45
How can I exchange GBP for AUD?,33
What do I need for the identity check?,69
Please delete my account. I am not happy with the service from your company.,55
I changed my mind on something I purchased through you and I need the transaction canceled and a refund as soon as possible. Can you help me please?,52
How come I can't seem to verify my id?,68
Why was my top-up declined?,61
My cash deposit hasn't posted to my account.,6
"If my phone is missing, can I block someone from using the app?",42
How do I retrieve my card from the machine?,18
What is the procedure for topping up with a cheque?,58
How do I deposit through bank transfer?,65
Is American Express accepted?,54
I'm trying to activate the auto-top up function. Where is it?,4
I am seeing a direct debit I wasn't aware of.,28
The app declined my top up. What did I do wrong?,61
"Please help me get a new card, I reside in the United States.",24
Help!  There is a cash withdrawl on the account that I didn't make!,20
And do you have virtual cards instead of physical ones?,40
I can't find how to top up my account with a check.  Where is that?,58
I made a cash deposit and the balance wasn't updated.,6
I have a missing refund,51
Will my GPB update my salary,50
i disagree with a charge,16
I've tried using my contactless in several locations today and it's not working anywhere. It seemed fine before. How do I get it to work again?,23
"I was just shopping and my payment was declined in a store!  It was very embarrassing, what is going on and when will it be fixed?",25
What is the timeframe for a transfer in Europe?,67
How do I order a virtual card?,40
Tell me what ATMs use this card.,3
My passcode won't work.,44
Which countries are supported,24
How do I cancel my card? There are charges on my account that I didn't make.,20
My card payment's cancelled,53
"I didn't get as much cash as I asked for from the ATM, why?",75
I want to choose a different PIN.,21
Where should I withdraw money from?,3
Why hasn't my cash arrived from a deposited check?,6
How can I edit my personal details in the app?,30
Can I verify a top-up and what card is used?,71
Do you have an age requirement when opening an account with your service?,1
I already got my item but just got my money back,53
"I need AUD not GBP, how do I change it?",33
My daughter would like a card from my account?  Can I do this?,39
Help.  I have a stolen card!,41
A payment that I didn't make appears in my app.,16
"I requested a refund from a seller a while ago, but when I check my statements it doesn't show up. Can you help me get my refund.",51
What do I do if an ATM ate my card?,18
How can I update my personal information after moving?,30
What currency is acceptable for a top up?,54
"in china, need new card",9
I was issued a new card a week ago but still haven't received it. How long will it be until I receive it?,11
My card isn't working anymore.,14
"Hello, I tried to take some cash out of the ATM but I looked at my statement and it still shows that it's pending. Is the machine broken? Will I receive my money back or will I be charged for this?",46
The cash abroad exchange rate is applied wrong.,76
"lost phone, dont want others to access account",42
Why is there an extra 1 pound charge on my card?,34
Just received a message that my transfer is not possible??  What is going on.  I have done this before with no issues.,7
Can you please explain the topping up transfer process?,65
When are cards shipped?,12
Does delivery to the US take long?,12
The wrong exchange rate was used when I purchased an item.,17
I think I forgot my passcode,44
I got charged for with a fee for paying with my card.,15
When will my top-up be completed?,47
My card payment is being declined and I've tried several times.,25
"On a card top-up, where can I verify?",71
What do I do if I have exceeded all my PIN tries?,49
I was charged multiple times at the same location at the same time,63
I really need to top-up my card today urgently but my card keeps getting declined!! Can you please resolve this problem or try an alternative,59
How many disposable cards per day am I allowed to have?,29
Why is my cash deposit not in my account?,6
"daughter needs card, how do i add her",39
There is an extra charge on my app that I was not told about or I was aware of!,34
I am having trouble with the app recognizing me.,68
I've been waiting ages and my PIN hasn't gotten here.,38
what is going on with my cash withdrawal? the exchange rate is wrong,76
Verify my source of funds?,70
"I made a mistake when making my last transfer, please cancel before it goes thru.",8
"Can I still use my account, even though the identity verification has not passed yet?",74
I don't want to use this method to identify myself.,74
"i am not a premium customer but i want a virtual card, how do i get it",29
Where do I go to change GBP?,33
The contactless I have won't work.,23
What are the requirements to open an account for a minor?,1
why do you charge for transfers?,56
How can I fill up my gas tank using a check?,58
There is money missing from my account.,20
is there a way to see where funds come from,70
Can I top up my account with a cheque?,58
Do you have any accounts for children ?,1
Why are there so many fees on my statement?,34
Why am I still waiting for my refund,51
I need more physical cards.,39
what is the exchange rate when i get cash,76
Why am I not able to withdraw cash from this ATM?,26
Which currencies will you exchange?,36
How do I receive a disposable virtual card?,37
how long does it take for a transfer from Europe to go through?,67
Can I use my card at an ATM?,3
How can I transfer funds from my bank to my top up account?,65
I would like my refund for this item I bought.,52
I need a disposable virtual card. Please tell me how to order one.,37
What does it cost to receive a SEPA transfer?,56
Who is giving me my money?,70
Can I verify my identity online?,69
Is topping up unlimited?,60
Help! My account doesn't show any funds. Is transferring funds an option I can use?,65
Is the bank the only place I can change my PIN>,21
Why can't I see the top up I made?,62
Where is the transaction I made to a friend?,66
What is my top-up limit?,60
Why check my identity?,74
Am I able to have a card sent to China?,9
I tried to do a transfer and it hasn't worked!,35
what was the $1 fee i got,34
Can you lookup my password?,44
Why is your exchange rate for my card payment wrong,17
What do I do if I got the wrong amount at the ATM?,75
"I have made a payment by my card, and its still pending since a long time. Could you please tell me when it will process.",45
Help me order a new card that's going to be expired soon.,9
Can you tell me what I need to do to have my pin changed?,21
I have a disposable virtual card. Is there a limit to how many times I can use it?,29
"What are my options for topping up, automatic and/or manual?",4
Is there a fee for topping up,57
I think a fee was applied for paying with a card.,15
Can you help me process a refund?,52
The app will not let me into my account.,68
"My American express works with my apple pay, why is top up not working?",2
"There are incorrect charges on my account, there was a WD that was made by someone else.  I still have my card though.",20
The payment for the card did not go through,25
Will you guys do Visa or Mastercard?,73
are transfers to a beneficiary possible,7
What country's money can I hold currency in?,36
Why was I not allowed to do a transfer to a beneficiary?,7
How do I transfer funds if I am paid in GBP?,50
"Hi, would you please activate my card?",0
I tryed to make a top-up with cryptocurrency but the payment was referted.,61
When do i get charged a fee for using the card?,15
What is the cause of the delay in applying my card payment to my account?,45
Do I need to pay extra for exchanging currencies?,31
"Looks like my card payment was made twice by mistake. I paid at the store earlier which rejected once, second time it worked. App stays at pending for one of the payments. Can you please remove one of them as it's wrong and clearly was declined?",63
There is a payment that is not mine in the App.,16
I am confused why there is cash I did not accept in my account,20
When I add money to my international card do you charge a fee to do so?,57
Can I transfer my salary if its in GBP?,50
Is there a limit to the number of disposable cards I can have?,29
I did not ask for the amount of cash that I received.,75
At what places accept my card?,10
What are the fees for top ups?,57
I already have an account. Why can't I use it unless my identity is verified?,74
How can I set up Google Pay on my device?,2
What fiat money can I used in the exchange and holding?,36
"The ATM at Metro bank on High St. Kensington didn't return my card, and the bank is now closed. How do I get back a card swallowed by an ATM?",18
How do I add a new card?,13
When can I expect delivery?,12
At what age can a person open an account?,1
What kind of foreign exchange rate will I get when I exchange my money?,32
how much for a physical card?,43
Please tell me what this direct debit in my statement is,28
Hello. I'm trying to transfer some money to a friend but it keeps getting rejected. can you help me?,35
How much money can i top up?,60
What should I do if I can't use my card?,14
Where do I pay with my debit or credit card?,10
What currencies are approved to add money?,54
For some reason my contactless won't work for me.,23
"I requested a refund, and never received it. What can I do?",51
I couldn't get the money I needed.,75
May I get a disposable virtual card as well?,37
I'm using the app and I noticed a payment that I didn't make.,16
Please check to see if the band transfer I made a while ago from my UK account has safely arrived.,5
Will you reinstate my PIN?,49
Explain how to verify my identity?,69
"I am unable to activate my card, it won't let me.",0
How do I get rid of my account ASAP?,55
My card has been lost / stolen,41
Can I use a bank transfer to add money to my account?,65
Why hasn't my money transfer showed up yet?,5
I need to know when a payment will actually go through. I completed a payment using my card but it is just showing as pending at this point and it has been a while ago.,45
Why was my payment reversed?,53
"Hello, I wanted to get some more information about ATM Withdraw Fee. I have been withdrawing money for years and notice this charge on my account. I always thought it was no fee since its you guys ATM company that I am withdrawing. Can you please explain?",19
Is there a limit to how much I can top up?,60
"I no longer have my phone with the app, what should I do?",42
Can I use app to unblock my card?,49
How can I know where my card will be accepted?,10
What are the disposable cards used for?,37
What is the estimated time on an urgent transfer from China?,67
How does identity check work?,74
Why did you charge me a fee when I made a transfer?,64
Why did my transfer fail?  What can I do?,35
What different currencies can I get?,33
I need my card now!,12
What do I need to see my source of money?,70
I tried withdrawing but my cash is not showing up?,75
I made a transfer from France two days ago now but there hasn't made it there yet. Do international transfers take longer?,5
"My phone was stolen, help!",42
I need a few more physical cards.,39
Will I receive all the money sent to my account by SEPA transfer?,56
What do I need to do to correct this failed transfer?,35
How do I fix a broken card?,14
how long and how much does it cost for new card,9
"I attempted to top up my car today, it failed! I just got it a couple of days before and it worked then. What is going on with it?",59
I got less money than I asked for.,75
How will I know where my funds are coming from?,70
How can I get my card out of the damn ATM?,18
"I got some cash of an ATM earlier but this shows up as pending in the app. How can this be still pending, I've got the cash already?",46
Is there any nearby ATM's?,3
Will a transfer incur a fee?,56
I can't find the PIN.,38
Hello I made a bank transfer couple hours ago from my UK account but it doesn't show up yet. Can you please check if everything is alright with it?,5
Help me verify my identification.,68
Why would I get a decline message in a transfer?,27
Why is checking my identity important?,74
How dp i top up with a cheque ?,58
Do I have an option between Visa and MasterCard?,73
What fiat currencies are supported?,36
Does this program take SWIFT transfers?,56
The ATM machine would not give my card back,18
Why can't I activate my card?,0
I would like to get an account for my child.,1
Can I exchange currencies with my account?,33
What do I do if I think my card was improperly used?,22
Which currencies do you handle?,54
The transfer is coming up as pending the payment is due today. Will I be charged a fee?,48
May I choose when it's delivered?,12
"If I'm getting my identity verified, what all do I need?",69
Where is a ATM that accepts Mastercard?,3
What source do my fund come from?,70
My payments from my virtual card keep getting rejected.,72
Can you tell me why my card keeps getting declined every time I try to use it?,25
Google play top up help?,2
I'm still waiting for my card that was issued a week ago. What should I do?,11
How long will delivery to the US take?,12
I would like to change my address.,30
My card doesn't accept any transaction at all. What's wrong??,14
Was there a way for me to get tracking for that?,11
Will I need to order a new card since mine expires next month?,9
what are the reasons I have to proof my identity to you?,74
"I am seeing unathorized transactions in the app, on my account.",20
Why is this not letting me exchange crypto? I need help making this transaction go through.,7
I need to find the top up verification code,71
Where should I look for my PIN number at?,38
My top-up was reverted by the app.,61
I still haven't gotten my new card.  When will it get here?,11
How can I obtain a disposable virtual card?,37
Freeze my account it's been hacked.,22
I don't think I made this payment that is showing up,16
How do I order a disposable virtual card?,37
Is it necessary to verify my top up?,71
How do I add my card to the app once I get it?,13
What locations are you in?,24
What should I do when my card reaches its expiry date?,9
how can i add money to my account if you don't accept cash,58
Can I have multiple currencies in my account?,36
Can I transfer money using the SWIFT service?,56
My money I added isn't on my card.,59
Can I do more than 10 transactions with a disposable card?,29
What countries can I use my account in?,24
There are charges on my card that I haven't purchased.,22
What is the reason why the transfer shows as pending?,48
How do I get a new card as your machine swallowed mine!,18
I don't think the charges made when I had currency exchanged are right.,17
I did not make this payment that I see in the App.,16
What is the exchange rate like on this app?,32
I noticed that there's a payment on my card that's pending.,45
As my kids get older are they able to get set up with their own accounts?,1
My cash withdrawal was short.,75
I just made a top-up but it shows as pending! I use your service all the time and have never had a problem before. Why does it keep showing up as pending?,47
What age do I have to be?,1
I need to change my PIN. Can I do that at a cash machine?,21
What do I do about my expired card?,9
How long does it take for pending to go through,48
Why is there a direct debit I didn't make showing in the app?,28
May I order another card?,39
Can i get a throw away card,37
Would it be possible to open up an account for children?,1
Do you have any limit on the auto top-up?,4
Help me terminate and close my account.,55
My payment has been returned.,53
Where do I access the auto top-up function?,4
"Help, I don't see my money i just added.",47
I tried to buy something online yesterday but it kept saying declined. Tried another time today but same thing happened. What's Broken?,27
What do I do if i accidentally broke my card?,14
How long will I have to wait for my money to be in my account?,67
Will I get charged for topping off my card?,57
What currency's can i exchange for?,33
I was made to pay an additional pound!,34
Is there an issue with my account?  I don't see a cheque deposit that I made yesterday.  Please assist.,6
Can you tell me why I can't make any transactions?,14
Tell me how many transactions I can do with a disposable card.,29
Please help me with my card payments which keeps getting reverted whenever i do online shopping. I am having this problem since last two weeks.,53
There is a duplicate payment on my card. Why?,63
How long will it take to verify my account?,68
I withdrew cash and was charged,19
"I tried to top-up, why didn't it work?",59
Can you help me retrieve my card?,41
How long does it take for the card to come?,12
What's the limit for auto top-up?,4
I received the wrong amount of cash back,75
Are there any places that won't take my card?,10
What do I have to do to get a Visa credit card?,73
How long will my top-up be pending?,47
Can I top-up my google pay?,2
My transfer was rejected,27
What should I do if I think that someone might be using me card?,22
How do I get selected for a visa card?,73
I have been trying to make a transfer and it won't go through. I have checked all the receipts and its all correct but still won't let me do it.,27
How can I transfer money from an outside bank?,65
Are cards delivered to my location?,43
I just got married and I need to change my name,30
My account says a withdrawal is pending - why can't I take cash out of the ATM?,46
I misplaced my card and I dont know where the last place is where I used the card last. Can you look at my account and tell me the last place I used the card?,41
I can use this card at which ATMs?,3
A direct debit payment that I didn't authorise shows up in my app.,28
I tried to use my card to top up but all of the money has disappeared.,62
Can I have a card after my first one?,39
I noticed after looking over my transactions that I have been charged twice from an earlier restaurant visit this week. Is it possible that one of these can be removed so I get the money back for the one that is not accurate?,63
I would like to know how to work out where my funds came from?,70
Do you issue cards for someone living in the US?,24
Why won't my card show up on the app?,13
My identity verification didn't work,68
unhappy with service need to delete account,55
I'm still waiting for my new card.,11
There's a refund missing from my statement,51
"Hello, I made a payment with my card and it's not working. It's been a while and still says its pending. Can you tell when this will go through?",45
"A cheque deposit hasn't posted to my account, when will my balance update?",6
I forgot my PIN number.,49
Why couldn't I transfer funds to my beneficiary?,7
Why doesn't my balance reflect my transfer,5
Why wouldn't my withdrawal go through?,26
Why does my statement show various transaction times?,63
How long does it take for a top-up?,47
I need my card right away.,12
How can I fix my bank transfer to show up on my bank account?,5
A mortgage payment I'm making is giving me an error message.  This is the first time I'm making this payment and want to know what's wrong.,35
There was a direct debit transaction I have don't think should be there.,28
I transferred money and was charged and want to know why.,64
Please tell me which cash machines will allow me to change my pin.,21
Why am I not allowed to add a certain beneficiary?,7
how long will my cash withdrawal be pending for?,46
My virtual card isn't working. What do I do?,72
What if I type in the wrong PIN too many times?,49
Can I use my card for online payments?,10
Where is my PIN?,38
Are their certain cash machines where I can change my pin?,21
How many times can I enter a wrong PIN before it is blocked?,49
Card payment still pending.,45
I want to revert a transaction I did this morning,8
"I'm not sure where my phone is, I think someone stole it or it's lost.",42
My card is expiring so how fast can I get a new one and how much will it be?,9
Is the PIN separately delivered?,38
Money that I have transferred hasn't arrived yet,5
So the transfer finally worked but now it's been pending for quite a long time. How long do you expect me to wait for it? It's quite urgent,48
How to access my virtual card,40
What amount can I top-up?,60
"I tried to withdraw some money from an ATM this morning but wasn't able to get the amount of cash I needed. The amount in the app says what I was trying to withdraw was deducted, but I don't have any money. What do I do about this?",75
"There's an extra fee on my statement, why is that?",34
How do I make an exchange from one currency to another?,33
I have questions about how to transfer money to my account.,65
What documents do I need to validate my identity?,69
"My bank app said that I got cash from an ATM, but that's a mistake.",20
The fee charged when I changed rubles into British pounds was too much.,17
Are there any limit on the auto top-up?,4
Balance hasn't been updated following a cheque or cash deposit,6
I need help getting the virtual card to work.,72
My card will not work,14
What happened to the cash that I tried to deposit into my account? It's gone!,6
I am not able to verify my id. Why?,68
Can I pick between Visa and Mastercard?,73
I have a new card. How do i top it up?,62
"My beneficiary is not allowed, please may I have answer as to why this is?",7
Can you explain the transfer fee that I was charged?,64
How can my friend give me money?,50
Can I get a card? I live in the US.,24
i'm not satisfied with the services and no longer want to be a customer,55
I need my PIN unlocked.,49
Activating my card,0
Is the 1 pound charge going to be reimbursed on my card?,34
"I bought something online a couple days ago, sent the money immediately online but the seller says it's still not there yet. How long do EU transfers actually take?",48
What do I need to do to verify my funds?,70
"I put my check in the bank, but I haven't gotten my cash yet?",6
Can I get information on the identity checks?,69
I ordered a card but it has not arrived. Help please!,11
You shorted me money when I tried to make a withdrawal.,75
"I am tired of getting charged fees, and I have no idea why, please let me know what/when you charge fees for.",15
my google pay seems to be acting up.,2
How come I was charged a transaction of $1?,34
How can my account have money transferred into it?,65
"How long does a transfer from a UK account take? I just made one and it doesn't seem to be working, wondering if everything is okay",5
I transferred some money and it didint arrive,66
"My transfer did not work, what was the reason?",35
What are the steps needed to top up with Apple Pay?,2
I would like to change the the PIN on my card.,21
Can I use my American Express to add money to my account?,54
"I have not received my card and it's been a week, what do I do?",11
Do you know which businesses will accept my card?,10
"I've obtained the card, how do I enable it on the app?",13
why do i have to verify top up?,71
My top up isnt working,59
How can I receive my salary with a different currency?,50
Will there be any charges for money received?,56
Why didn't I receive the correct exchange rate for an item that I purchased?,17
There's a payment showing in the app today even though I have not used my card at all. I want a refund.,28
When I topped up the app has seemed to reverted it.,61
how do i find top up for cash deposit,58
I need to move money from one of my other accounts to this one.,65
Why was a payment cancelled on my account?,53
I've got charges on my account I did not authorize. Can I get this money back from the last couple of days that it's been coming out? I also need to freeze my card.,16
For some reason my contactless has stopped working. I don't know what the problem is. What can I do?,23
Just today there was a purchase on my card that wasn't done by me. Can this be reversed and my card be frozen? I can't have this continue!,16
I wasn't charged the correct exchange rate for an item I purchased.,17
Is there an alternative to a physical card?,40
What documents do I need for the identity check?,69
Is there a number to call to get my pin unblocked?,49
Why was the exchange rate different when I withdrew my cash?,76
Tell me if there is a top-up limit.,60
"Hi, I'm buying my son Bertie a starter home in London.  I'm just trying to send the 5% deposit over to the agent. It's only £200,000 but seems to be throwing an error.  What is going on?  If I wait any longer the house prices might rise, can you look in to it please?",35
how do i get into my account and edit my details,30
top up not completed,47
How long is a transfer in the pending status?,48
top up for my american express card is not working,2
I was declined when I tried to take out cash!,26
What's the deal with no cryptocurrency on your app?,7
What is the current exchange rate?,32
"Hi, can you tell me why my transfer keeps being rejected? I've been trying to send money to my friends this morning but failed every time and I have no idea why?",35
"new customer and filling gas for the first time today, not working,",47
Can you tell me the ATMs I can use with my card?,3
I can't remember my password.,44
I only have a card from the US is that okay?,54
Is there any reason why my card didn't work when I tried to top up?,59
It declined my transfer.,27
Why is the exchange rate on my card payment different than I expected?,17
Can I directly deposit my salary to this account?,50
Can I change my PIN at a nearby ATM when in Spain? I think someone saw my PIN and I need to change it but am on vacation.,21
"i received my American Express in Apple pay, is there a reason why top up is not working?",2
I have been overcharged. I just changed over Russian Ruble to UK pounds and it was too much. It seems something was wrong with my exchange.,17
When will my cheque be processed?,6
what steps do you take to check identity,69
Where do I find my code to verify my top-up card?,71
There is an unauthorized fee.,15
Do you know if my top-up has been cancelled?,61
is it ok if i use both visa and mastercard,73
"Hi, I sent a payment to the wrong account number - can you cancel it as soon as possible?",8
How can the recipient see my money transaction?,66
I was charged an extra fee for a card payment. I was unaware of these fees beforehand.,15
how do i add money from my amex card to top up,54
How do I get started when I get my card?,38
I got charged and extra fee when I transferred money so why was I charged?,64
I saw a payment come out of my account for a merchant I don't remember.,16
"I think something went wrong, I didn't get the right amount.",75
What do you need for the identity verification,69
Could you please activate my card,0
I got cash and the exchange rate should have been different than it ended up being.,76
Could you please freeze my card immediately?,41
"I've just made a money transfer to the wrong account, I need to stop the money from being moved as it may be going to someone I don't know.  Please can you help?",8
Why hasn't my recipient received their money?,66
What is the virtual card and how can i get one?,40
Do I need to make a regular payment before a contactless one?,23
Do you do Visa or Mastercard?,73
Why are you keeping my money from me by declining my card? What is going on?,59
How can I change my PIN without going to the bank?,21
Not sure what my password is.,44
I need your help in deleting my account.,55
"I draw out money from your ATM during holidays, and was charged insanely. I wouldn't have done it, if i had a little sense about the shocking charges.",76
"I don't want this account anymore, how do I delete it?",55
Where is the virtual card?,40
Looks like my card payment was cancelled.,53
Is there a reason my top-up has been cancelled?,61
Is the closest ATM to me within 2 miles?,3
Are top-ups allowed using Apple Pay?,2
I did a payment but it was reverted by the app,53
Cash withdrawal still pending?,46
How can I prove the source of my funds?,70
"I'm going to be away for awhile, can I have it add money automatically in certain intervals?",4
Why hasn't my in country transfer gone through yet? I confirmed the account info a couple days ago but the payment hasn't been posted yet.,66
Why could I not choose cash at the ATM?,26
I want to get a virtual card!,40
How long is the delivery time to the US?,12
"Do I need to select a preference to receive my salary payments in GBP and, if so, where?",50
"My account shows I have been charged twice for the same meal. How do I get the second payment voided and returned to me? I do not eat out much and my family is living paycheck to paycheck,  mostly. I cannot afford to spend more money than necessary, as is, so I must see to it that the cost be promptly credited back onto my card.",63
I would like to get help from someone with activating my card.,0
"Please give me both Visa and MasterCard, is it possible?",73
What's the U.S. Delivery time?,12
is there a foreign currencies charge?,31
Any charges applicable for new card?,23
My top up isn't in my wallet.,62
How long do deposits take to appear? I've been waiting for more than a week and need the money!,6
Why are my payments showing pending?,45
Let me know when applying extra charges for payments. I just checked the app and saw a fee that I wasn't warned about.,15
How are exchange rates determined?,32
What are the currencies and cards that are supported with my account?,54
"I thought cash withdrawals were free? Why have I been charged a fee? Also, how much is this fee?",19
Someone used my card without my permission.,22
The virtual card won't work.,72
Do you know what your exchange rates are?,32
Why did the transfer fail when I attempted to do it earlier?,35
I want to stop my account,55
Can I transfer my payroll to the bank?,50
How do I order a replacement for stolen card?,22
I want to choose a new PIN.,21
Can I use cash to top up my account?,58
I received my salary in the wrong currency. How do I change this?,50
"Hello, in these holidays i have been overcharged on the amount i have withdrawn on one of your ATMs. I did not had any clue about the horrible charges otherwise i would not have withdrawn.",76
Is it possible to order a virtual card?,40
I want to cancel a transfer right away! Can you help?,8
I must make several disposable cards per day.,29
What do I need to do to exchange my money?,33
I have a disposable card but it does not work?,72
My transaction is still showing that is pending from my cash withdrawal.,46
I'm still waiting on my identity verification.,68
I have no more money in my account.  Is there a way to do a bank transfer to put money into my account?,65
IS there a fee to exchange currency?,31
"My top up has been pending for an hour already, and I really need this to go through as soon as possible.  Can you help?",47
I broke my card,14
Is there a fee for using a European bank card to top up?,57
How to order a virtual card,40
"My phone is lost I don't want someone to use my account, what can I do?",42
Do I have to go to an actual bank to change my PIN?,21
Do you deliver the PIN separately?,38
How do I cancel a purchase?,52
What was the issue with my topping up?,59
What if my top up didn't work?,59
What are these fees i am paying?,15
I need my card ASAP!,12
"I've used my account frequently over the last month to manage my payments from abroad for my new place. I noticed that my fees have suddenly increased. As a frequent customer, shouldn't I be rewarded rather than suddenly being subject to a new fee?",64
Double check your funds may be declined,27
I can't find my PIN anywhere.,38
"I would like to receive and use the card in Europe, is that possible?",24
when should I receive my refund,51
how do i get a new card,43
What is the cause that the transfer shows as pending?,48
Can I submit a check or cash payment?,58
can i verify my identity i the app,69
I had the wrong exchange rate applied to some cash I got abroad.,76
Can I give my friends access to my account so they can top it up for me?,62
"I made a transfer for my rent payment about 2 days ago, but my landlord hasn't received it yet. It shows as done on my  side, and I've double check all account numbers and they are correct. Can you verify that the transaction was actually made?",66
I tried to top up and suddenly my money disappeared,62
Can I have a third card?,39
Can I top up my account with a check?,58
I don't know what this Direct Debit payment on my account is for.,28
What do I need for the verification check?,69
How long will it take to get my refund,51
"Hey I double checked that I have the correct account details already, they're right for sure. Transfer is still pending since forever. It's not that difficult to transfer money to another country in 2018 is it?",48
I put some money in my account the other day but now its gone? Why is this?,61
Can I still access the app even though my phone was stolen?,42
Please tell me if I'm going to be charged for sending out more cards?,39
What top up charges are there for US cards?,57
Is it possible to top up by card?,62
Are there any top-up limits?,60
I tried to get some money but the machine was not working .The transaction still seems in progress! Can you please check what's going on.I don't want to be charged for money that I did not received.,46
Card refund is not showing up in my statement.,51
how to recover my passcode,44
how come the verification with the top up,71
"When I bought something abroad, the exchange rate was wrong.",17
A payment is showing twice. Why is that?,63
At what ATMS am I able to use the card?,3
Can I do a bank transfer to put additional money in my account because I am out of money?,65
What is the procedure for me to get more cards on my account?,39
Is payment required to get a card of my own?,43
Where is the transfer to my account?,5
I need assistance with transferring funds to another account.,65
I tried to get cash but it was declined!,26
When are cards delivered?,12
"My pin was blocked, how do I make it so I can use it?",49
Why isn't my virtual card working?,72
"May monthly payment to Apple has been declined but I don't know why, they are going to re-try the payment and it must go through, can you tell me what is going on please?",25
I received a decline message on a transfer,27
Can I let other people have access to my account in order to top up?,62
I ordered my card but it hasn't been delivered yet,11
Will I get charged for topping up with an international card?,57
My transaction is showing several times.,63
Is the system down? I've been trying to do a transfer and have failed?,35
How do I activate my card so I can start using it?,0
I would like to know how much I can top-up.,60
"Could not complete transfer, states 'declined'",27
How do I obtain a second card?,39
My card arrived but I don't know how to get my PIN.,38
How long will it take for my transferred money to show up?,5
I made a check deposit but the cash hasn't arrived in my account yet.,6
When I was abroad the exchange rate for me was wrong.,76
What are the rules to where I can use my card?,10
"I reside in the US, but I want a card.",24
I tried doing an in country transfer earlier this week. I thought it would be there by now but I still don't see the money. Can you check the status on my transfer?,66
"Hello. I looked at my account and see that a transaction I tried to do is pending, but I did not complete that transaction. When I was at the ATM, the machine declined my card. Can you make sure that transaction does not go through because I definitely did not receive the money.",46
Please tell my why I was charged a fee for using my card?,15
What is the procedure for an expired card?,9
I was charged on my account that shouldn't be there.,28
Please explain to me the process of getting a virtual card.,40
Can it be delivered by a specific date?,12
Are there any discounts for frequent currency exchanges?,31
Could you tell me why my top up isn't showing in my wallet?,62
I don't recognize the direct debit payment from the app.,28
Why do you keep declining my transfers? it's always been working really well so far but when I tried to buy something just now the card got declined . I tried couple of times already  but same thing is happening .,27
I put money into my account for the minimum balance but the application didn't accept.,61
"When exchanging currencies, is there an extra fee?",31
the money i transferred didnt arrive,66
I want to inactivate my account.,55
Can I get my card fast tracked?,12
Is there an auto top up option?,4
I didn't know I was going to get charged to use my card.,15
I am seeing in the App a payment that its not mine,16
Why was one of my transfers declined?,27
"If I was travelling abroad, would I be able to hold currencies in euros?",36
with what can I verify my identity?,69
The transfer I made isn't reflected in my balance,5
How do I know where my funds come from?,70
I need help right now. I realize I sent my payment to the wrong account number after making a typo. Please cancel the transfer now since I can't do it from the app.,8
I'm not happy with service and would like to delete this account.,55
How can I track my card's delivery?,11
Why cant I send money to a beneficiary?,7
I dont see my reciept,66
Is this open to residents of all countries?,24
How long should I expect for the card to arrive?,12
What's my limit for topping up?,60
"I'm out of money, can I add money with my bank?",65
I bought an item and the exchange rate was wrong.,17
How will I receive my PIN?,38
I can't see my refund in my history.,51
Is there a way to see my money's source?,70
Why would I be charged an extra fee while doing a transfer?,64
I want to get an item refunded,52
Card activation is not working. What do i do?,0
There is a payment that is not mine in the app.  Please advise/,16
I am yet to receive my pin.,38
What areas are cards delivered to?,43
are multiple currencies acceptable?,36
I can't use the app because I got mugged yesterday and they took everything. Please help.,42
What do I use to verify my identity?,69
"your company is awful, i would like to delete my account please",55
I need a physical card.  What are the fees?,43
I don't have the device I used to log onto the platform so I can't access it.,42
How come I got blocked for entering wrong pins?,49
I do not have the information to verify my identify.,68
"I have an issue. I bought something within the past one to two weeks and have received one of the products; however, today the total was returned to my account. What's going on here?",53
Transferring money using credit card,62
Can I see where my money came from?,70
How do I top up with Apple Pay?,2
Can you tell me the total cost of a transfer?,56
I can't make purchases with my virtual card.,72
"Fix your system. I can't make transfers, I've tried like 5 times already.",35
I cannot get my card out of the ATM.,18
Please explain why the funds I added were returned to my account.,61
Tell me where I can find the auto top up feature and a little bit about it please.,4
How do I add a card to the app?,13
I believe someone is using my card without my agreement!,22
How come my refund hasn't appeared on my statement?,51
transaction failed?,66
I think my card payment was reverted,53
How do I know when my card will expire?,9
There are a couple payments with my card in the app I see that I didn't create. What is happening? Maybe someone gained access to my account.,16
How can I replace an expired card?,9
I can't seem to get my virtual card to work.,72
I'm upset because I got charged a ridiculous fee when making an ATM withdrawal over a holiday weekend.  It didn't notify me beforehand either or I wouldn't have ever done it.,76
Why has my payment not gone through?,45
How do I link the new card that I just got from you guys?,13
Do you give refunds?,52
Why am I having trouble withdrawing cash?,26
"I am in desperate need to transfer funds from another account that i have into this one, how do i do that?",65
My card is stolen.  Help!,41
I bought something online a week ago and i never got it in the mail.Can I just get my money back now I don't want to keep waiting on something that isn't going to show up.,52
"I am having a slight problem with my American express in apple play, can you help me fix the problem with top up?",2
I want this amount reversed out of my account.,52
How do I find my PIN?,38
If I make a top-up are there charges applied?,56
Why doesn't it show that I did a balance transfer?,5
How do I cancel a recent transfer?,8
I have transfered to my account before but it is being declined now?,27
Do you offer additional currency options?,36
My app shows some cash I didn't get.,20
"I've just come back from an eating holiday in the USA and Canada and have SO many pending and duplicated transactions on my account.  I think there is something wrong, can you look in to it please?",63
how do I get my card to show in the app?,13
how to get new card?,23
Trouble with my top up,59
The ATM keeps declining my card. I tried at a couple different ATMs. Can you tell me if there's a problem with my account?,26
How can I put more money into my account?,58
It looks like a payment I've made hasn't made it through yet.,45
Why did I get a fee from the ATM?,19
Where are cards available to order?,43
What about a auto top-up?,4
My password isn't being accepted and I need to reset it.,44
How many disposable virtual cards can you have?,29
"I have a cash withdrawal that says it's pending, why?",46
Why didn't my transfer get to the recipient?,66
"My salary is in GBP, is this something I need to configure?",50
Are there ways for other people to send me money?,50
Why wouldn't my contactless work for the metro?,23
How can I create a disposable virtual card?,37
"I made a transaction, but I made it to an account I didn't mean to make it to.",8
I don't recognize this payment,16
Can I use visa or mastercard with your service,73
I keep checking my bank statements but I don't see a refund that I've requested from a seller. Can you ensure that I receive the refund from the seller?,51
"I was checking the app for my account and I noticed there is an authorized charge on it.  I haven't used my card today, so I know I didn't do it.  I would like the transaction reversed and the money replaced.",28
What do I do after my card expires?,9
What all is needed for the identity verification?,69
Do you process SWIFT transfers?,56
I keep trying to use my card to buy some things and you keep declining it. Why? I've tried multiple times to make it go through but it won't.,25
Do you support any currency?,36
am suspicious of my card's security,22
How can I reset my PIN?,21
"If someone in a different country sends me money, do I have to pay a fee?",31
Why wasn't my bank balance updated?,5
What happens if I forget my PIN?,49
Someone stole my phone yesterday :( is there anything I need to do?,42
What are the benefits of a disposable card?,37
I see I was charged $1 for a transaction.,34
What's the process to receive a second card?,39
I'm sure I have enough money so why didn't the store accept my card?,25
Why was I charged a fee when making this transfer when I shouldn't have been?,64
My Virtual card was rejected for a car rental. Why?,72
I am trying to find out how to exchange currency X with currency Y.,33
The card PIN?,38
How do I dispute a direct debit transaction?,28
